"","aircraft","duration","no_pasg","speed_ground","speed_air","height","pitch","distance"
"1","boeing",98.4790912004475,53,107.915680046514,109.328376480367,27.418924251898,4.04351457149309,3369.83636379508
"2","boeing",125.733297320472,69,101.655588632061,102.851405098045,27.8047161813265,4.11743169907681,2987.80392351388
"3","boeing",112.017000799584,61,71.0519608830819,NA,18.5893857339627,4.43404312864577,1144.92242595674
"4","boeing",196.825691054435,56,85.8133276789018,NA,30.7445972354622,3.88423612447916,1664.21815844165
"5","boeing",90.0953813565902,70,59.8885281831862,NA,32.3976880617895,4.02609641523453,1050.26449764446
"6","boeing",137.595817222,55,75.014343744095,NA,41.2149625903415,4.20385339798644,1627.06819910565
"7","boeing",73.0237949155356,54,54.4298028996417,NA,24.0353216301095,3.83764572993051,805.303993174655
"8","boeing",52.9031878715929,57,57.1016617371605,NA,19.3888375076658,4.64367177690026,573.62178605623
"9","boeing",155.51861605387,61,85.4436242514331,NA,35.3753897494612,4.22872786479051,1698.99275478171
"10","boeing",176.86203205041,56,61.7967105141343,NA,36.7488161243102,4.18439901265259,1137.74575788813
"11","boeing",158.46189839661,61,53.7781267412356,NA,46.3558329023643,5.55639917160672,1075.37174110068
"12","boeing",72.2896332164364,54,93.3917624345216,92.8695612141137,32.22348927081,3.81827614707986,2128.70828502933
"13","boeing",187.599547374845,58,94.0364129416954,96.1964605851299,33.6612261557619,4.63618472490877,2304.8575740138
"14","boeing",154.368700492706,63,63.5406135528464,NA,26.4029918747037,3.85665849857601,1089.97295312492
"15","boeing",165.541945363172,69,48.7746732731973,NA,31.2286648365611,3.90204603392817,943.068404434511
"16","boeing",153.546335865811,61,83.5564932706788,NA,29.8974732623721,3.51978372595243,1793.56282315122
"17","boeing",107.11331938052,78,86.8079620251736,NA,25.4770153807467,4.4142187985913,1910.8768698751
"18","boeing",233.802497914074,69,104.808434483928,103.868457935414,43.8827318960347,3.24509782628779,3213.98526500404
"19","boeing",163.906503115315,55,119.38046349664,120.444707969307,38.5585360069548,3.70144938868698,4524.27886214427
"20","boeing",97.4776232663157,63,73.5339763355652,NA,29.1524653108258,4.0140064256769,1332.03874854585
"21","boeing",118.630540388133,55,79.9948150419879,NA,29.3668661005566,4.40718125719784,1515.96527531693
"22","boeing",126.5402878925,70,94.7812302822616,91.1420688392116,39.4762987836496,3.59493614764989,2182.22073736574
"23","boeing",179.915918380989,66,63.671165313656,NA,19.5746996055521,4.28673377116359,873.440892096485
"24","boeing",112.900095283216,53,98.1804108624888,99.1358307268515,28.1529913159446,3.98747121911424,2586.66508639305
"25","boeing",56.6404896601908,66,72.9536582385277,NA,36.1541572170107,4.38785591568807,1205.12802506817
"26","boeing",86.8289113122762,62,91.7145357921924,92.8748519115173,28.7737294775518,3.30588807754186,2313.33569628157
"27","boeing",157.357732311006,57,72.3271307783838,NA,26.2232853324093,4.22318078942709,1105.36585224014
"28","boeing",186.681413965482,49,66.4172304640234,NA,44.6926957877796,4.1135438114539,1176.02767653791
"29","boeing",140.236311553411,65,118.742004711897,119.40214631337,19.8561922146485,4.64626596018911,4217.129451828
"30","boeing",130.463563578619,52,116.713434336536,117.656499669542,36.1955274463416,3.89435242971641,4240.0941824557
"31","boeing",142.155349112863,46,39.7692943247286,NA,39.6559210609584,4.59928722674255,1030.45748800282
"32","boeing",155.845570819442,62,79.7453158540837,NA,23.8394487558139,3.39592259546483,1322.21299048068
"33","boeing",124.944571326065,44,72.5466686506711,NA,42.859879536461,4.02850171600141,1321.16067085532
"34","boeing",98.695657876913,71,69.7505787366744,NA,50.6237664937563,3.90849298988138,1426.48277221139
"35","boeing",93.5286299735083,61,90.3318976451102,90.1110133360536,42.4081899517836,4.41512799382684,2259.8440484751
"36","boeing",228.177105908765,78,61.2203755984479,NA,21.7722866217501,4.59552836849873,970.0465185633
"37","boeing",201.369583543446,71,41.4556923550529,NA,28.5438704209322,4.60311732575534,763.69956300015
"38","boeing",155.929069352818,71,71.9981714845927,NA,35.3835047423372,3.64039792442116,1227.90013188459
"39","boeing",202.54627830614,65,93.6152014706317,95.3224445547434,18.5864533902692,4.16010848301604,1987.81701110861
"40","boeing",155.62741777777,66,64.9469883693055,NA,27.0634842999194,4.43863885515115,920.286264666438
"41","boeing",194.672453648645,63,95.7329073312841,97.1850505096146,47.5866221823594,3.73211201046151,2526.4748975306
"42","boeing",79.999309582042,64,100.172542115219,100.260669799957,48.6028248384991,5.05581798643815,2771.13126469848
"43","boeing",136.975522868806,60,59.0921289639008,NA,23.93620664721,3.22701468799204,987.559774661314
"44","boeing",124.659320560063,61,76.5297957888334,NA,20.2384801044009,3.94371223633237,1379.26088100834
"45","boeing",119.70600605438,63,67.9696992345368,NA,27.8629010560618,3.68622177612343,1237.47345803816
"46","boeing",121.108322122464,63,101.047393724952,101.722138757731,40.0385543699028,3.89986866925304,2830.43760720667
"47","boeing",118.264262291874,75,70.1682452938349,NA,17.7433408338306,4.26697634292999,830.714747190256
"48","boeing",122.185708550955,65,70.2567181594517,NA,19.9779136698971,4.23337906324836,1160.86970174047
"49","boeing",204.445873877559,66,80.725759834941,NA,46.8409459697193,4.4096600285301,1995.40520352499
"50","boeing",176.371536470686,71,62.2164512567222,NA,43.9376712485243,5.32474700863534,825.522296650581
"51","boeing",112.473439580079,60,63.2382527252691,NA,29.6204795586773,5.22586516274518,832.518948618961
"52","boeing",196.278234163341,67,78.6641477336153,NA,46.5912584167805,4.1520863099554,1768.47396743633
"53","boeing",176.853911290037,62,54.5802124217948,NA,19.860379832586,3.14679109506265,669.117943658282
"54","boeing",247.217102051518,57,73.3134328256847,NA,20.3439933911787,3.87948877556421,1217.32116694313
"55","boeing",211.173582502756,59,61.5259839661469,NA,15.390422594082,3.70665216481426,751.993144182673
"56","boeing",116.984541917579,67,122.756561967366,123.882572870907,30.2165682424328,3.21370334072257,4807.87980687654
"57","boeing",153.6574255549,53,79.4138545624679,NA,14.4479785002864,3.24634835414744,1240.28040991465
"58","boeing",150.841096626444,59,56.4413143625632,NA,20.7831140813645,3.73202815364788,731.331704786687
"59","boeing",183.29960064767,56,60.2253433262302,NA,36.4862915460648,4.47181268333173,914.224104634702
"60","boeing",154.06174188775,63,94.6308098802487,93.9352802950947,41.4233754303314,4.75785255098311,2342.77324185317
"61","boeing",135.165116466441,57,85.580908070769,NA,42.128705593965,3.32960469094886,2123.80093504814
"62","boeing",107.120141199835,60,93.8993352603233,93.186235850483,26.4708771218693,3.85043586812117,2157.41884273841
"63","boeing",126.946513518056,49,84.5886090249697,NA,37.0804394281587,3.34438549218771,1814.78878664695
"64","boeing",161.892467804704,72,129.264918333695,128.417730984783,33.9489988252725,4.13995141380601,5381.9588622353
"65","boeing",196.464118483695,52,81.533090887593,NA,22.4119792341697,3.70207423095423,1587.38800994804
"66","boeing",130.949619242727,76,44.7327631253093,NA,32.7829945522243,4.86188159195538,874.798643967549
"67","boeing",70.9705818015424,61,80.3730775285969,NA,43.5247047653815,4.06291768009527,1812.43136950003
"68","boeing",130.488848611885,68,94.3766204884451,92.1534577297363,19.5743809984516,4.63650703294879,1995.36554320843
"69","boeing",152.731197260172,54,83.6552668581088,NA,25.6843341480199,4.44630779107699,1470.78425881562
"70","boeing",270.595949715913,55,63.1930858076302,NA,20.8014674160488,4.00981549162909,829.078885805305
"71","boeing",97.7643720101168,49,66.1925303666301,NA,47.715701656279,3.61919084317543,1595.13383473692
"72","boeing",130.424353298056,60,111.888309094228,110.20457763832,10.2552253637582,4.51172608976093,3164.46835526148
"73","boeing",139.212990541044,72,49.5096317041572,NA,30.8560630540942,4.24966913095796,827.420674442604
"74","boeing",165.887607677683,60,49.1684452228244,NA,28.2065475492374,3.89020376954622,662.171557599166
"75","boeing",83.5150061723634,44,95.0687315665503,96.0841986685308,17.3766603379769,3.2011486815218,2183.79836283846
"76","boeing",180.143541510027,65,91.0002717524671,91.5860516708066,17.6412536653656,4.40798698432107,1838.56766965136
"77","boeing",79.4708181263638,58,51.8362976105351,NA,18.9856171880226,4.82654735613209,676.189038270957
"78","boeing",218.020882125212,61,98.206172066022,96.0333978588139,24.5312036406413,4.38046475974591,2149.55671861494
"79","boeing",71.5738347157946,52,46.9654897889665,NA,48.8362221767647,3.72689816706906,1136.0148411313
"80","boeing",146.385622162518,47,90.3542748189839,NA,14.1142685175592,4.04025500267314,1593.0611271266
"81","boeing",133.556926498906,72,94.2713292422696,92.8777355312871,33.0464241494915,3.78579494603309,2351.07095692479
"82","boeing",209.281293416374,67,76.5318437250825,NA,30.5987910073157,4.2369678091062,1236.37880619945
"83","boeing",161.105148007155,57,47.8832106884061,NA,28.0367601872944,4.69150952477727,745.652708377508
"84","boeing",162.452731855504,49,57.6512506602624,NA,30.3054254188559,3.93415912139221,981.889364797523
"85","boeing",88.9545387477078,64,71.3450444999296,NA,38.4303967870515,4.30789691674008,1215.69197560258
"86","boeing",221.51726012273,54,73.4668044954529,NA,42.1380042804549,3.46535738541045,1526.55884556889
"87","boeing",156.8056899536,47,95.3225764223118,94.2151607684202,30.2701001891336,3.64513457591927,2233.04896237811
"88","boeing",163.739922832364,53,44.3942758048793,NA,37.763521554655,3.81547302892472,996.872327110135
"89","boeing",124.353376269948,67,78.9542185123473,NA,28.972879292357,3.81245907507303,1480.57225367974
"90","boeing",205.873613288193,62,113.996308142863,110.659915594573,34.443424964131,3.87384500103814,3405.35070591438
"91","boeing",161.800816958297,59,72.6095220050239,NA,58.0835448095556,3.67023878297898,1698.18402666201
"92","boeing",125.227950624666,58,99.1685935925531,96.9280134790398,36.6943474575618,4.22716642322859,2556.59525447959
"93","boeing",169.085698797801,68,72.571665630351,NA,39.692058730552,4.07334673340619,1457.75766799035
"94","boeing",153.786552048609,58,109.538509343284,109.382300523387,12.9906611481039,3.98795738037736,3188.26815964752
"95","boeing",178.713330710378,51,70.4801940881225,NA,7.58249458376582,4.81678931556576,822.228641400121
"96","boeing",108.341934026845,58,108.133109502411,108.500900060566,42.9523957617797,4.6257015342444,3545.25277664685
"97","boeing",130.417430523121,52,71.6814879255963,NA,9.68830772399137,3.75854640906289,975.341255956187
"98","boeing",183.264074090167,69,81.5802487193768,NA,27.6873876978893,3.75229362279856,1497.16771617801
"99","boeing",155.409205785911,60,45.0688971819833,NA,34.1475199611765,3.90581653441245,1196.4554672444
"100","boeing",76.904519522356,68,67.6102833798849,NA,44.0636552725256,3.82821658952649,1388.36964930735
"101","boeing",163.085372304904,61,106.675852057636,104.447156551832,18.8476379692247,3.50944992775446,2850.7059682378
"102","boeing",146.198774230992,48,55.4276061979658,NA,21.7857074475935,4.75119474419792,777.337874856774
"103","boeing",151.878416504633,57,91.5082055367635,90.5033179201156,17.0872281042426,3.67461031589085,1780.10982883529
"104","boeing",124.240320010576,66,82.6346324738055,NA,18.2614034427031,4.29340846142328,1515.13884934118
"105","boeing",112.31707002554,74,79.257984188682,NA,37.1971651798014,4.33700308372173,1158.83767321867
"106","boeing",135.031507209588,61,84.8898724435747,NA,15.0218587357694,5.92678421315733,1668.20676468136
"107","boeing",139.38418181985,54,84.0958837022406,NA,37.3175782767685,3.87346125817519,1853.9601925362
"108","boeing",158.787383956654,66,56.0082434248763,NA,36.5969174268259,4.1081461182134,1098.84611198391
"109","boeing",202.674099338423,64,52.551834826943,NA,43.9686963228216,3.06890568445567,1208.49584659216
"110","boeing",241.950066558075,69,64.9721022039296,NA,28.5046823526668,4.06829082186006,1007.69880438
"111","boeing",171.789499137555,64,70.1959902193065,NA,28.9199466057109,4.49692777452618,1197.82164347216
"112","boeing",131.74744179118,61,105.06367665971,107.441693718839,25.4439202998953,5.31067751551305,3062.06500800987
"113","boeing",124.786611041051,68,106.120240068613,104.13467734688,42.895159856686,4.03632208836191,2924.84058797973
"114","boeing",99.1568739535519,59,93.2535590022425,93.4710790719252,25.7639794742538,4.41937177495671,2047.69702088545
"115","boeing",198.371677223515,58,65.2755787445786,NA,24.8986968108009,4.38743567374882,904.234825423608
"116","boeing",254.105294670394,54,63.2759140689604,NA,41.3341698561236,4.25819939263323,1183.92043115675
"117","boeing",150.303995513091,60,95.821777765173,96.5523785897608,27.4035672809824,4.11528763488674,2206.67532308939
"118","boeing",95.29773221078,52,92.7693726342652,91.0724953584429,35.4632281232649,4.2346514790468,1960.40003700926
"119","boeing",147.195611264454,56,88.7051211040957,NA,40.9490150697304,4.12702564725395,1967.35860473232
"120","boeing",191.018461377347,54,80.330398440593,NA,48.4267319030416,3.68975788901751,1809.4595872793
"121","boeing",213.77917717073,73,57.4268940916899,NA,48.8687035094179,4.18463177877203,1154.44361431176
"122","boeing",150.392490113376,46,112.103435439273,111.435069215902,19.7157721002014,4.50439311039394,3479.13280840852
"123","boeing",223.399221152649,59,42.7997530940122,NA,34.5529713749664,5.28663002457138,851.962173138798
"124","boeing",96.7123777396923,51,56.6454004879809,NA,26.5380447095535,4.22289397286057,1048.61820041796
"125","boeing",206.949594101478,52,69.3821666726566,NA,24.7403412428955,4.02798387773948,1005.11804913888
"126","boeing",193.995742377771,51,84.8409238854545,NA,23.3022654878181,4.95663995908888,1769.78102018261
"127","boeing",107.467334683852,56,71.9654485125087,NA,32.455027763218,3.48058509463808,1249.73485323558
"128","boeing",185.803386101063,55,65.002039664062,NA,48.2771200416905,4.66263596287947,1299.35567919377
"129","boeing",157.144428326866,60,52.6119149209198,NA,30.7674352384023,4.59201975943433,825.478341660338
"130","boeing",121.455114519589,69,61.6077850406493,NA,22.7793966105131,3.39845995525248,968.289349863511
"131","boeing",149.464170906467,50,85.6265441844281,NA,32.5429467984746,3.71882862200774,2046.07385176496
"132","boeing",120.352797436272,62,76.9727576057052,NA,12.353622855458,4.80828577660562,1071.74174328379
"133","boeing",170.798613499773,65,52.2725378490039,NA,29.5940104532044,3.28568455702191,1057.70803468461
"134","boeing",209.106348243691,58,124.569862338127,125.98691462052,40.1011219670186,4.64842826367832,5147.41012436125
"135","boeing",177.192699320014,65,85.8986353329201,NA,33.5372638079313,4.02766297049497,1710.86148407033
"136","boeing",126.26121706565,58,72.6040577648527,NA,21.2211405979571,3.88248705108388,971.070959541281
"137","boeing",175.151171446622,69,55.379967730365,NA,54.2760427495164,4.65364092507084,1125.80054227735
"138","boeing",179.981831677585,54,41.2041411574977,NA,35.7294840487019,4.94404030764341,898.307233000983
"139","boeing",65.6955083365996,64,92.6453614752371,94.7352614059765,23.5298691930118,5.25683144122652,2022.73229418497
"140","boeing",127.991331285149,59,114.292734891912,113.863937384216,25.4681385601356,5.13824264001284,3668.8878406268
"141","boeing",100.977397732804,57,91.2241312612461,90.0028585819823,45.024391550448,4.1036944045744,2187.23456622158
"142","boeing",187.209992228752,54,88.5667276147538,NA,14.7485726836329,3.94183815518944,2041.67234124019
"143","boeing",298.5223339354,66,84.1789749747203,NA,26.3181287806701,3.83964505658314,1616.35566227632
"144","boeing",78.4556628339425,70,107.985955869934,109.458126904065,19.7031207094079,4.76211503249692,3184.32636233675
"145","boeing",183.574958437346,70,64.974590019797,NA,21.560439388744,4.02099035875057,822.937188114315
"146","boeing",129.928371413498,51,84.3499812191809,NA,23.8551756560914,4.61839453571638,1671.12646508588
"147","boeing",217.927419832991,59,96.3733074574042,97.1033618078766,29.9115157674338,4.5521477521272,2217.83088967433
"148","boeing",94.4322815518024,59,86.3771629607355,NA,39.0862707599602,4.19137771053003,1943.13248455593
"149","boeing",114.762724324486,49,107.131519583334,107.519902640324,25.2000254985597,4.67950281121975,3011.37973780211
"150","boeing",211.709137311395,68,71.9367317732041,NA,22.5233944847269,4.8453101878812,1288.83098118693
"151","boeing",78.2470999699841,72,76.9998310128363,NA,13.8011932106116,4.20193776308897,1273.66449671739
"152","boeing",139.856357509955,63,69.4946447093787,NA,24.5738837212961,4.67767728016898,1033.71515983281
"153","boeing",111.008582959883,62,62.7173257351873,NA,27.4581641846727,4.6961506761928,844.79555256908
"154","boeing",161.251444794305,57,87.7646864120496,NA,28.3204994641039,3.7766276074349,1987.15382335301
"155","boeing",244.158928987185,54,102.862339255891,104.437706731744,27.6158297762612,4.67523904510797,2792.97119916445
"156","boeing",73.1276929269048,50,46.5418873526774,NA,14.6030868084537,4.08177092112336,731.203258900543
"157","boeing",249.426923321713,59,62.6832522904281,NA,39.9180351718664,4.43330886654521,934.552414543458
"158","boeing",80.3970009565741,68,54.8878590045035,NA,31.8177890803457,3.31177505521062,1213.9258813838
"159","boeing",113.362956866997,56,113.964029288922,113.74609122255,44.7354631839711,3.93790577022417,4017.785457002
"160","boeing",197.177296604137,58,113.889137243494,113.445483218543,33.4553758469579,4.23305780247582,3785.65441812738
"161","boeing",97.0854404179544,61,78.1886850157914,NA,28.0111755204349,4.45083074368082,1341.17830745837
"162","boeing",120.824529739507,57,102.054117582702,101.335614167204,20.8345499659722,3.98536929522652,2498.8167044958
"163","boeing",222.702085362629,52,39.725711308266,NA,33.2653480327116,4.45228170523426,1037.91454895771
"164","boeing",215.476685720032,65,75.2669545544717,NA,50.1660971981981,3.91821506465499,1712.83823972805
"165","boeing",197.922610659209,60,86.7001387173324,NA,27.1115139155832,3.97433071040466,1937.25625565015
"166","boeing",164.229733898044,54,76.1316410501555,NA,28.0451954643431,4.57544559244245,1267.76196338388
"167","boeing",147.754433641266,46,110.145903261452,110.604121138147,25.8170529270195,4.725849605154,3435.39180220716
"168","boeing",115.094686996764,63,79.9276732165691,NA,19.5547366774979,4.63071864290489,1067.8381154163
"169","boeing",287.002515727543,53,91.3999261592751,93.3431735726711,26.3292347211072,4.65843459751904,2020.27315722617
"170","boeing",156.847765928624,57,83.5444131445159,NA,27.6089100327607,3.96200611024648,1566.25633230745
"171","boeing",139.413865059102,61,93.27328799868,93.4960412169638,21.1285036561507,4.15573700030871,2191.32705106967
"172","boeing",211.089782755131,54,89.9508910445776,91.1193374994354,33.6581582062273,4.28502888047985,2110.29103173555
"173","boeing",154.990017091243,66,108.996418831509,108.360910408099,15.5387661607665,4.54802785066583,3097.06540149698
"174","boeing",128.938109918375,79,106.93389134507,108.426513226893,30.4577091556174,4.84214920002133,3203.31884072654
"175","boeing",85.9635804913893,71,86.4179044793121,NA,34.5945846853582,4.39600264720606,1703.50549087175
"176","boeing",197.546350208571,68,126.669182147003,127.964142826297,23.7642314260617,2.99315144629982,5031.38631564568
"177","boeing",228.963261069642,47,59.4390285525932,NA,8.72686549253325,4.03362031573929,653.616090826361
"178","boeing",132.16475291862,61,85.9361947106444,NA,39.735109959576,4.27570759846062,1712.10686087317
"179","boeing",232.793855820761,56,123.956871454344,122.18668469209,26.3675471269981,4.06195112696141,4483.85963674371
"180","boeing",154.194469681593,66,107.059085522989,108.177469684744,27.4079507665979,4.22741906791373,3158.87766679875
"181","boeing",117.223026109053,60,66.457008778581,NA,28.2428117477509,4.0939414261791,979.601275432959
"182","boeing",95.4637789413544,57,90.823243776442,92.9176992828765,40.4904631570895,5.00595088261888,2272.09743565609
"183","boeing",293.229960314484,61,88.4985766950185,NA,35.0342045406984,3.86092331485936,2079.85143811983
"184","boeing",145.166188146969,56,67.2811217534135,NA,38.9996173894591,4.80291128648278,1181.24801634113
"185","boeing",168.760569836791,61,66.4308786661009,NA,29.242010430644,3.61537650796524,1163.31710853572
"186","boeing",154.284550451873,66,62.0832534520822,NA,22.6585369820837,4.61458852737741,974.863239019358
"187","boeing",149.870490363508,63,60.6223757558239,NA,35.4616659688554,4.9469603054939,1146.37712778408
"188","boeing",148.013838814903,45,85.3066410795513,NA,33.5928116712624,3.85801951912581,1683.3057380866
"189","boeing",161.460877017504,65,73.9778798966948,NA,30.6718840038467,4.87642564875247,1187.67685178238
"190","boeing",72.4167682809214,54,85.467591420886,NA,34.0438879485539,4.18208918258863,1978.31140870237
"191","boeing",225.555081554239,55,55.5472113486626,NA,36.4198419479409,4.49020325070982,1053.82652138794
"192","boeing",104.866000546022,59,90.2073647303619,90.7907099451277,28.2750395460798,4.72339998163445,1880.29466599267
"193","boeing",107.336183211962,64,99.0207893067717,97.3303158218703,32.8907889572144,4.37768481066802,2405.90793898485
"194","boeing",182.201019003461,61,104.295125630914,103.096436278446,32.6595336147526,3.87255873840197,2689.15969416558
"195","boeing",143.332615462283,68,33.822953314311,NA,37.6804959449798,4.07034688043561,936.578072160906
"196","boeing",217.503125654742,51,53.6919220525779,NA,19.9115672377434,3.11263607305328,984.427732872306
"197","boeing",147.031915917676,76,63.5979423246976,NA,36.4890423552948,4.49177342889372,1051.93696042818
"198","boeing",114.259509472014,61,90.0094131947362,NA,39.0970712003373,4.62187845597651,2086.97565884811
"199","boeing",162.212175527506,66,60.0962697161152,NA,23.4647597237077,4.0191426632678,781.263085115986
"200","boeing",190.949500438979,53,100.589749155158,98.3393055658353,18.8350408350254,4.48808340236448,2164.52151495814
"201","boeing",131.5208612519,50,48.3252008253512,NA,29.3372171173625,3.62124738920774,967.46412609082
"202","boeing",272.03905778479,59,118.922724481552,120.397035159324,15.0493485094869,4.10657235990657,4279.56721102084
"203","boeing",101.452479141612,63,46.7568970016085,NA,37.3431518439371,4.68600848675986,847.657292469245
"204","boeing",121.615702530365,62,59.3213873495271,NA,35.2865926669193,3.68698029994298,1083.38694912613
"205","boeing",172.560122052421,77,82.2971375503191,NA,44.7587163543952,4.22930904445669,1809.27204995159
"206","boeing",112.240500711791,62,85.0890213973106,NA,13.1909106151515,3.25799782062185,1782.36722706476
"207","boeing",161.825691550882,80,82.5090554025444,NA,36.6801940260467,4.68531003197706,1590.371922463
"208","boeing",206.166970172094,58,104.663937096594,104.704143851966,38.2143503072975,5.05162332589551,2930.20950043064
"209","boeing",117.020073376266,49,54.7291385473768,NA,26.0616265282434,4.44976173356414,800.134648317423
"210","boeing",159.640400228749,63,60.4191150868298,NA,16.3381996942117,3.94308344449889,858.412512253223
"211","boeing",137.727380835183,48,57.9013374276379,NA,30.5873198132304,3.53533496838244,831.094787963
"212","boeing",184.041784213199,62,69.7081480383717,NA,15.3466866858571,4.04470127345095,1116.75824582118
"213","boeing",130.217846709118,56,93.549331647879,90.76799986178,16.2928939915898,3.46176298835573,1852.00098984
"214","boeing",222.289891612119,63,101.523306048518,101.118923994758,27.1583108498857,3.36034901026964,2849.45703546735
"215","boeing",186.510931228603,61,70.7903887405936,NA,12.0996225285635,4.15390224579919,959.138446830886
"216","boeing",159.810813095878,69,86.3152096068445,NA,33.8236342138345,4.58704844205208,1898.74248383081
"217","boeing",194.848693786787,50,64.4580411020203,NA,34.5481248046941,4.60541927428853,962.790147258768
"218","boeing",163.963679433128,42,78.2824886191415,NA,15.7302711958304,4.05799208730527,1328.98545978593
"219","boeing",142.306066174927,66,67.4931371646501,NA,26.4943451370008,4.49319782957144,1234.50205597761
"220","boeing",191.122456420344,56,42.0198056134742,NA,43.8760503116409,3.40782261752507,1089.05270954132
"221","boeing",193.510367015458,50,63.2625189996883,NA,32.1083763816188,3.90390301111946,1100.35142447425
"222","boeing",196.85627619318,55,42.5297141022199,NA,27.5918379964978,4.48529384343952,872.575420808417
"223","boeing",159.851440770666,61,107.301460625496,105.913144816306,15.3262072743628,4.25025775973347,2652.8024210459
"224","boeing",116.612551290596,63,75.7315795453031,NA,21.3095660497782,4.15171148953717,875.786498625779
"225","boeing",158.162776886328,72,74.8334739625563,NA,26.1869710310597,3.98632658248103,1449.07940186216
"226","boeing",219.721155948124,76,88.1034624329154,NA,42.0854958207295,4.65400979774181,1927.05367754856
"227","boeing",217.278067869049,57,74.0184011792431,NA,41.3819268482744,4.85323642000555,1579.75718817583
"228","boeing",79.0528180334981,67,54.2478962740403,NA,43.9710261071313,4.28736014244795,1305.92456408712
"229","boeing",183.383052444692,51,83.5611445596902,NA,42.0539358468501,3.68681956404136,1826.76388153979
"230","boeing",212.950921623926,57,79.3363288162641,NA,55.0935091487479,4.77493640592204,1817.39286576707
"231","boeing",71.7509430091175,56,55.7917618825384,NA,25.8069625905469,4.22455228155517,671.303221208566
"232","boeing",93.7813627315789,51,42.613229810277,NA,37.9456960386656,4.63427028185755,1122.03296327636
"233","boeing",183.071182782669,50,83.2683722143056,NA,26.8992287472285,4.60106479854425,1479.84230789555
"234","boeing",260.034016769065,46,91.6566962178325,93.0548343520195,44.601461257165,3.69230819447755,2482.65631377117
"235","boeing",169.844190804023,59,91.7884918447318,91.2769141147216,31.4413206245604,4.55340972193219,2051.21876102908
"236","boeing",136.327761483204,52,38.2590200810277,NA,28.3382835613055,3.93763158914167,981.147963138004
"237","boeing",91.8898375918084,57,62.637389989715,NA,33.4109293053035,4.57810699707706,1029.34278156931
"238","boeing",124.54353753,75,69.8802482467459,NA,31.3113586900219,4.68791654110901,1045.03028572976
"239","boeing",41.9493693616573,56,71.2128258762726,NA,38.3986410500109,3.72307442009706,1225.5124632357
"240","boeing",124.879900857201,61,63.4572157303035,NA,27.2451713431807,4.51342670824651,1056.46034463186
"241","boeing",189.662942499136,46,105.685991309026,107.654271492931,36.4856760646989,3.54842696172153,3447.36150424975
"242","boeing",277.176005192966,52,119.653936674731,120.192322188209,25.1827626492722,4.93424074960857,4292.16751182291
"243","boeing",236.192933491547,73,52.3604491163451,NA,44.121081798798,4.49708873836585,1078.09889332425
"244","boeing",114.193719007595,67,77.4182209096613,NA,21.6562048249305,4.6306064816881,1185.22803847294
"245","boeing",205.923449407254,59,92.0982905272831,92.1690325487747,44.69709167176,4.23406980377243,2339.38419433026
"246","boeing",107.731781501183,64,93.7459945508148,94.4057653133987,29.6129450044255,4.30025362586811,2101.7677931331
"247","boeing",202.6886556189,69,90.9438928410661,90.5333488529249,39.4612847680134,3.125822989976,2191.10041108047
"248","boeing",96.9412154552159,70,94.0304856284417,94.5206244393377,23.5944765674488,4.152119012705,2135.78629584529
"249","boeing",164.238952145302,59,113.029520886495,113.174692250372,38.3482702963292,3.27683514068626,3913.22872545943
"250","boeing",130.168915191359,77,55.0866857849629,NA,38.0328177921614,4.09712063411471,998.097006329842
"251","boeing",210.961929076038,60,70.059553510884,NA,37.1172970925175,4.91364448422062,1395.14040270539
"252","boeing",149.22417751494,60,99.4741915373762,101.095118560867,19.8529039909859,3.30274719967705,2560.76108927438
"253","boeing",209.064676831433,64,76.0080465393221,NA,40.463849365558,4.51439581081585,1502.06670879698
"254","boeing",216.974298545443,65,71.4681788851146,NA,36.8211846813989,3.65483587537507,1267.11467686098
"255","boeing",142.138003400882,61,105.100452790021,103.353114846743,28.6337736679239,3.45420986883043,3152.59650198108
"256","boeing",158.56363888379,63,77.8588013417584,NA,32.4304722768581,3.99355716402938,1457.75791437034
"257","boeing",171.204780824618,47,44.6400386378481,NA,35.0517848057664,3.91098090648445,993.18386592796
"258","boeing",151.304253476056,59,88.956773777931,NA,12.8701026387412,4.54441913536655,1669.58529143773
"259","boeing",175.29994852903,62,89.5334016422904,90.4767237227249,39.5637144038289,4.11411800633707,2196.47272106291
"260","boeing",209.672067516008,48,76.5157418470232,NA,41.4072835101101,4.1932644003418,1398.23970266966
"261","boeing",127.222576876044,59,107.61447636156,107.872622353917,31.3882035556807,4.55232631533482,3133.34792291407
"262","boeing",160.328204161811,66,87.8870624023963,NA,19.4503292782167,4.81030064517817,1543.38701095201
"263","boeing",124.480061980303,60,114.480716594075,114.69029120625,45.0776662931437,4.33413692265522,3873.09565837634
"264","boeing",228.880243390096,58,72.7751652908622,NA,44.6976124877589,3.96998369053039,1570.33992272193
"265","boeing",168.657502829984,56,80.9213106235512,NA,59.9459639378738,3.95202624994066,1936.01362934113
"266","boeing",218.777176787407,65,88.9861937935606,NA,22.9301620457461,3.48123277459583,1770.92476986183
"267","boeing",109.451722193065,66,117.640591210247,112.264954891999,35.9100358226536,4.05821815280103,3741.06771618546
"268","boeing",134.82969457507,60,73.837974102372,NA,32.7829711266134,4.07142354558268,1260.61163326703
"269","boeing",233.427542218701,65,92.4892908790362,94.524363883707,20.9125768693149,3.94086861514253,2104.08968451577
"270","boeing",131.232421459953,62,79.6218760626062,NA,32.9444834123379,5.07043651360755,1510.21270746134
"271","boeing",115.395205547834,66,65.5398786555112,NA,33.849552953684,4.2345371732024,962.609123615514
"272","boeing",105.578352523358,56,86.8386137125087,NA,17.7857548288767,3.61250197022462,1723.74860766146
"273","boeing",198.373905851377,52,69.0979798033648,NA,35.2713961624402,3.73462125468737,1111.79336472114
"274","boeing",177.265277134716,44,70.0146747385485,NA,22.1641633319814,5.0506430012458,944.238935302635
"275","boeing",176.305595600597,64,65.8136795982901,NA,21.678952587529,4.88445985948385,690.001478276973
"276","boeing",157.785432410022,60,79.4155232643143,NA,50.8403003161642,4.28300011438527,1960.43037831796
"277","boeing",64.1555304877675,68,75.5923109615764,NA,32.9658421519692,4.06315090721503,1230.99193007854
"278","boeing",166.660163995409,56,82.2258716654314,NA,18.9647764143876,5.03406650821363,1338.46799550809
"279","boeing",56.5506296803031,48,84.5518861543431,NA,26.393957228683,4.88163924419385,1531.63557165011
"280","boeing",176.542513821462,55,69.89981333307,NA,11.9903729954689,4.45874917034031,812.22299177925
"281","boeing",148.484879060069,55,68.7749797739476,NA,20.5053355006616,3.36637865734745,1191.93973182606
"282","boeing",148.437335158977,65,53.539999415791,NA,30.158679964929,3.56572352255869,1024.09479533366
"283","boeing",71.8770464686452,50,40.6767385708004,NA,39.5504421568246,4.18529954379578,974.572108351083
"284","boeing",92.3360708124512,61,54.0313477091884,NA,14.5643052390606,4.66812668522491,770.64221651196
"285","boeing",169.836348387623,63,93.9851119045055,96.2624160930171,29.6335988208246,4.47094180134538,2444.52858856943
"286","boeing",106.51409404969,64,92.8859126006095,92.6457892623216,20.3861407797595,4.11740703917388,1977.1171934104
"287","boeing",79.705863144138,75,106.746122598562,106.733175952511,18.3462015832568,4.80740173316938,2785.85529497633
"288","boeing",99.9966836608145,63,77.9822298635395,NA,48.740966577997,3.63653632386435,1655.634414737
"289","boeing",150.173687792228,67,84.1874239132882,NA,40.7572348929746,3.92288830572581,2065.30544437803
"290","boeing",86.580598274071,55,80.3908886445876,NA,37.0143018244288,3.65185415250563,1426.50780417566
"291","boeing",152.576311920077,60,101.440350414824,101.693225874059,23.4525403022048,3.653296764819,2740.80227413126
"292","boeing",174.606895921243,48,100.273426081738,98.7160477142753,25.3203018020271,4.16105790475949,2503.7000626538
"293","boeing",155.007925180133,43,92.130909421568,93.6758162907957,35.1869888819596,3.6908539437097,2370.00720396636
"294","boeing",105.971954699545,53,64.1935361960371,NA,30.2996405098257,3.81279647573579,1053.6333363583
"295","boeing",242.43576866118,64,74.2163376164936,NA,22.226794162506,4.07061593565639,1338.26182476531
"296","boeing",168.230139190539,74,86.8527473953145,NA,16.8944617542955,3.83089601944007,1725.38049177358
"297","boeing",109.277066341882,69,79.7331308185769,NA,31.0587679561934,4.28198409458313,1500.70534746257
"298","boeing",203.89582605163,63,46.0361099854303,NA,26.5877506644063,4.22702140199631,929.687612493435
"299","boeing",136.959598044644,57,95.2278160494687,94.203632314527,22.6030416229932,4.1321979587735,2270.05365529376
"300","boeing",190.745682777489,60,89.8029500860829,NA,26.5610017729297,4.51457074870484,1829.23721342578
"301","boeing",126.29533449232,69,74.3730466125037,NA,49.0395766091961,4.83446486391825,1548.69035813793
"302","boeing",193.496600525894,55,56.9148462811213,NA,33.2862736780963,4.01749095478745,969.959363464376
"303","boeing",180.641147266809,67,55.8274681422212,NA,41.0486630324443,4.12182841347506,1101.43435436132
"304","boeing",200.448455096503,58,54.5917858882231,NA,30.365906104598,4.44059075765461,925.38573072351
"305","boeing",204.137981293164,61,86.4873729481569,NA,35.0174718990472,3.66752720691145,1935.07271342457
"306","boeing",161.107343586021,49,80.1301441714394,NA,31.1902752654164,4.80734844155136,1361.91037552515
"307","boeing",154.524603584229,67,129.307184067434,127.593320587087,23.9784967990845,5.15469891172821,5058.469516443
"308","boeing",89.358081786689,55,111.202547238887,110.684075830709,41.8524131819505,3.86164342642455,3698.12579785195
"309","boeing",195.287681078222,52,111.127928439882,109.821621602166,28.8833460024753,4.76663454699984,3439.72546694153
"310","boeing",163.787581531784,55,82.5593994607398,NA,37.1224372112731,3.59717065768516,1813.84264489756
"311","boeing",247.984010161053,52,62.9003468596531,NA,42.1276291478469,4.83561721091915,1021.99294602409
"312","boeing",142.679630779556,64,43.3461070398577,NA,37.3645305776145,5.0860877182132,807.796672720979
"313","boeing",99.1029338563038,47,73.8543708303409,NA,18.7796873366864,4.9150242401915,1352.95962803247
"314","boeing",151.458169011495,56,41.6103295237747,NA,25.0106034823623,4.61237858550867,735.799178257119
"315","boeing",106.637237928257,66,64.8929267973269,NA,29.4399502093872,5.01747293257245,924.102873742227
"316","boeing",122.767269371401,60,64.4186641677271,NA,39.0393690375577,4.40681085888701,966.906790568174
"317","boeing",133.765012390155,52,80.4197499588157,NA,11.9740670570572,4.25295319894863,1200.93588802855
"318","boeing",70.9730881750443,55,58.8937534109726,NA,26.0349251953327,4.31397299137678,987.78832223926
"319","boeing",75.0127617323375,60,99.3786856339542,99.9445099778416,33.9456670891609,4.39618574134833,2578.23766017521
"320","boeing",126.323745446838,65,65.8853295555741,NA,19.6000030560378,4.68790102999222,846.180642142421
"321","boeing",117.319147984186,58,67.0513235771939,NA,34.3015900579577,3.95856814140589,1174.75165788133
"322","boeing",206.065726043164,44,61.8479759744219,NA,26.9396273523455,3.93727373980485,896.58091126438
"323","boeing",211.174540324856,51,65.1048767573208,NA,27.0335336435724,4.41717735132757,980.452816933165
"324","boeing",211.888728737891,48,43.1747994312825,NA,34.9184221092514,4.02528080402767,1057.15312053583
"325","boeing",131.030640819984,54,69.7414079676571,NA,37.5135910551142,4.28826639093879,1387.76852057714
"326","boeing",204.955007180247,64,95.6775421787937,99.1126030390058,41.4447660944258,4.77753401400596,2718.42975384871
"327","boeing",167.61572480747,56,110.990110500994,109.751789091434,58.0817896462206,4.49526438803635,3723.05475281922
"328","boeing",123.18642614138,63,73.8751794952285,NA,47.1666418729946,4.43515065885252,1394.53032472663
"329","boeing",166.104530733155,48,116.592491892838,118.011417404714,13.2632399104554,3.13395887541183,4129.04226038465
"330","boeing",102.419837699033,66,104.032910944034,102.846763393107,27.83361522969,4.86096601828822,2637.53243589737
"331","boeing",79.2758917349437,55,90.2538145930879,90.3674037268561,40.2790431152197,3.94604489441394,2001.05442693263
"332","boeing",164.103898441184,58,71.1823745991406,NA,35.0582683092823,3.95837790802112,1310.60380521486
"333","boeing",124.710641005569,64,72.2612250357888,NA,36.3183719615167,4.17291473943731,1105.24671222039
"334","boeing",197.876793592614,59,88.6875803109463,90.7304730560209,38.0278487371036,5.11842278033697,2073.15515639802
"335","boeing",159.221168356335,29,62.6996706177856,NA,27.1456472130794,3.63517381561333,1016.95053638659
"336","boeing",176.255125890581,60,93.0672112030434,94.9701962969463,35.5516039362097,5.11711745356601,2238.35953514279
"337","boeing",126.040116659132,57,105.719221519651,105.104478421845,37.3256998259963,4.06005092441199,2984.02368785679
"338","boeing",186.223257475611,60,83.2440985109254,NA,36.0938658527079,4.61600352455342,1771.62226798725
"339","boeing",99.1938584463824,60,119.677492537622,123.049332422399,27.5580246117927,3.64056473585345,4455.64777504246
"340","boeing",192.181772996241,67,34.303635129804,NA,30.1382747034924,4.49950891682497,1001.08056652421
"341","boeing",146.345215062371,53,84.9434459679626,NA,24.8746306573547,3.88932691756019,1658.96995697425
"342","boeing",149.691086997586,69,64.9552686330125,NA,22.2373133286417,4.10677865584117,786.609672414556
"343","boeing",72.5049360186909,60,93.1447453650502,91.586299118749,28.3110083538451,4.72999575895976,2072.90728028667
"344","boeing",163.608337402448,60,97.5027193171971,99.4339068349461,34.0822667268277,4.73754183539613,2652.95610674868
"345","boeing",194.467166098876,82,40.81518866586,NA,22.6184440742894,4.87659523086907,761.485077703388
"346","boeing",226.571667385667,68,50.8592548779974,NA,31.0589661628685,4.12263766600641,840.542992743148
"347","boeing",172.67372471291,60,78.769326802887,NA,20.2201677567877,4.41957369436554,1195.94214102523
"348","boeing",157.808739800245,64,78.8472506912843,NA,19.1411294770073,4.26024493961885,1435.92456832239
"349","boeing",128.887565252553,63,102.543065076814,104.624401300661,28.7885690717604,4.70416553554647,2774.45416232166
"350","boeing",87.7364139936658,67,92.4002396475483,92.4251350060798,34.1077574207777,4.33535309070444,2144.5845632639
"351","boeing",224.746125247223,59,91.2220701012902,92.7525764065988,31.3636824995601,4.25465368041443,2174.6991645653
"352","boeing",121.934117741454,52,99.8530890047434,100.661558088823,17.8841476632985,4.63856601471419,2478.60892002003
"353","boeing",129.414739970832,63,85.5448399257136,NA,25.4349291396026,4.39863003505105,1679.73910112884
"354","boeing",84.2965058470266,65,34.1177661298703,NA,35.2667065337678,4.29026891484803,1198.08920349846
"355","boeing",193.726285520256,61,91.5115129606044,93.2077753710653,29.8368846374292,4.07032199508371,2186.62212888961
"356","boeing",201.89086129718,52,81.5524206566576,NA,25.6002017775078,4.13340466879499,1646.69715120204
"357","boeing",172.442934707727,63,74.8318478233209,NA,22.1666358090249,4.32341928278071,1176.12444627443
"358","boeing",92.4502878369011,49,101.543503903664,101.849800190593,18.1693940706892,4.82268338558055,2573.05324745045
"359","boeing",106.108047840676,69,97.1748717463129,98.6377181966045,38.4411531222146,3.57730875220432,2628.53631586084
"360","boeing",158.419018696101,62,65.6428936091137,NA,26.9647335402001,3.45954362006655,1154.21991749205
"361","boeing",146.5497448615,53,58.2889737179882,NA,27.968682075853,4.31188953382399,919.047479042564
"362","boeing",63.3295205501043,52,132.784676635021,132.911464904647,18.1770302189238,4.11066424139399,5343.20095392101
"363","boeing",213.984508857724,49,80.3940577031879,NA,16.9624131987902,4.09802002809194,1531.2870581576
"364","boeing",173.751529070303,70,68.4628179441563,NA,35.0276456879852,4.95668529374556,1098.2848747523
"365","boeing",141.646451732911,54,64.9967360301407,NA,12.7208875951946,4.36816562852037,960.184734107605
"366","boeing",84.3684506117449,51,75.1160224179742,NA,34.8795680148937,3.9307575128563,1270.30317852949
"367","boeing",146.18126344778,59,65.3343576474082,NA,32.6669051950744,4.40534384583276,968.436819848031
"368","boeing",147.992166510476,59,80.9924952937148,NA,21.705147966446,3.3636279417758,1485.54125861363
"369","boeing",177.621332854661,49,65.5708694984671,NA,8.82517289645837,3.66736849770812,839.265169383622
"370","boeing",192.272328010687,64,71.753544366879,NA,15.8704475941782,4.46547943972505,920.71562997715
"371","boeing",136.649280539104,50,61.2024499609491,NA,28.4051560347781,3.99995891061211,1123.40406189462
"372","boeing",160.335766731248,63,78.2702982055147,NA,32.7321157234505,3.90238977743179,1346.54107381956
"373","boeing",233.431238564238,68,34.2220636566186,NA,28.6291559264492,4.78884256573701,955.909666596476
"374","boeing",168.630613175317,70,77.5352572712628,NA,21.0472199056053,4.21929248308231,1375.02006262069
"375","boeing",94.3198967656554,66,83.6351101769361,NA,23.466406143173,3.54870713207999,1499.72426634629
"376","boeing",164.774363917417,67,53.1139843488833,NA,27.9204332840229,4.32272290445527,819.236001632657
"377","boeing",130.750258970388,61,65.7601291406623,NA,28.6669386547882,4.48157955916195,893.577954167134
"378","boeing",142.420321286599,59,80.4334497985173,NA,19.7875047854411,4.01676846803554,1445.86526183965
"379","boeing",183.957502806502,63,45.857193743906,NA,39.8044707781696,3.96076457995967,1050.55058499764
"380","boeing",147.905336119091,64,90.4995235590288,NA,31.4011741975606,4.35704307556401,1853.94797020522
"381","boeing",134.219293442286,58,43.1244539706778,NA,36.9879836103007,3.84934254165032,977.398054404191
"382","boeing",137.922873226432,54,47.1488225748463,NA,46.4261948201771,5.11832340222224,1128.96807598152
"383","boeing",99.6815029583659,61,121.837136674233,120.953405179338,33.184596581921,3.86747613066875,4427.67076395003
"384","boeing",68.2015366980919,63,67.9556368347672,NA,39.4794835127689,4.77956496217456,1344.34034913528
"385","boeing",83.5125696991055,67,78.625488083999,NA,17.3421908021878,3.86340862673353,1104.4042259732
"386","boeing",212.290179998415,46,89.533713205107,90.6261814284236,35.4947429037648,4.00103804843046,2148.10792870163
"387","boeing",153.834453198897,61,126.839278539328,126.118648179867,20.5478338479294,4.33455751005777,4736.60458106521
"388","airbus",132.469424920295,80,100.010553054553,100.891677002416,41.0330106840669,4.29750162143749,2554.83306233624
"389","airbus",109.19713406891,43,82.4830449792341,NA,30.140024889052,4.08962841948632,1321.00006539096
"390","airbus",93.9529269112461,58,96.8786863468423,98.0858831427314,29.1780951211086,3.96752402104367,2008.22072322821
"391","airbus",45.6354230907366,60,93.7938621168245,NA,42.8309354476078,4.27132479896332,2003.43864956559
"392","airbus",99.1480629152303,63,97.0969139169591,96.9137377669133,33.1442456578044,3.51629756563913,2060.16942487025
"393","airbus",199.437133078505,69,58.1090768802974,NA,24.2010221303173,3.63416572681351,418.01946274043
"394","airbus",141.968333579571,63,85.8493623378077,NA,46.4681820528484,3.40155275549874,1492.67172037972
"395","airbus",203.131351858892,55,90.2610046856424,NA,42.3189230442192,3.2745717104604,1446.85574816418
"396","airbus",199.798400088379,55,61.7120540984577,NA,34.9765453507714,4.08055754228753,643.856341549359
"397","airbus",112.871499075218,60,104.455400378399,103.671535795642,23.7835871138746,3.9026553245972,2488.99848422614
"398","airbus",148.495004130329,53,99.8745225208965,98.7240636071424,39.5204256491805,3.90412065355808,2404.74309285939
"399","airbus",89.0755487343387,57,74.2122019787824,NA,25.7474321938262,3.67519241085983,852.776114393636
"400","airbus",109.791015741444,50,85.8807922797827,NA,33.4663149221607,3.46292770896963,1408.56859209365
"401","airbus",209.193661533407,54,50.8129307669059,NA,38.8413163456445,4.03389809964824,566.926928020026
"402","airbus",143.520692585614,66,78.5802899169746,NA,33.7501261401937,2.28448014230025,1011.33725799197
"403","airbus",147.814026010755,60,84.6850467237828,NA,45.6434914317306,3.6631635684855,1454.29765482418
"404","airbus",217.123083756105,66,94.8142583800492,97.6313417181187,33.0583655169843,3.8235547791268,2017.6011485756
"405","airbus",142.469403557159,66,63.9189596654424,NA,30.1534657117546,3.06509030115604,428.991828209426
"406","airbus",99.019165670539,56,91.2367095629043,NA,15.5989274101726,3.36887613423122,1450.57502159124
"407","airbus",198.869462596023,58,61.127025525846,NA,22.5192449597702,3.44529353931297,397.542833430486
"408","airbus",131.731095559609,60,131.035182222026,131.337948502676,28.2779655413614,3.66019364635541,4896.29460829994
"409","airbus",274.217734928503,65,84.1368586351389,NA,28.4010596757261,3.59359441095553,944.666203960721
"410","airbus",160.392815038508,55,103.275824954945,105.187095494404,54.1985403464622,3.95212310999641,2837.08084983287
"411","airbus",79.3439518011492,64,92.5343477179626,NA,22.228410407843,3.59957571158199,1816.97759260901
"412","airbus",87.3459699628154,59,87.9265113708452,NA,28.7908961609574,4.0113543260276,1555.40074830662
"413","airbus",139.575061855928,63,95.6781424860413,NA,31.6470879688872,3.6392855137516,1819.59244168506
"414","airbus",103.659863422622,50,83.438769115135,NA,24.5970652890224,3.90185853397487,1251.42645284273
"415","airbus",137.154538509619,52,89.0595919723762,NA,44.7643166897571,3.74534415151881,1528.0260503829
"416","airbus",205.364175517247,56,91.4622619601511,NA,19.3696321229455,3.3789629780942,1658.46105181739
"417","airbus",122.733301356449,68,94.35154877741,97.5667381974497,45.4578655473866,4.2117256479927,2376.80097893146
"418","airbus",179.995628166724,66,57.2438352280123,NA,35.3255291130286,3.06650573722529,383.577721235528
"419","airbus",149.618012936275,73,91.5809406749704,NA,30.8555443271636,3.26910487646128,1457.04790143659
"420","airbus",182.882087171341,76,66.3315520530472,NA,30.2805715811818,3.46777186276858,616.147387385279
"421","airbus",117.740560098188,59,47.6798015234694,NA,28.6064926974102,3.75204657983455,406.089282827278
"422","airbus",123.302421518089,41,97.5682039858039,96.9784367011139,38.4091929533732,3.53227198341556,2167.757691534
"423","airbus",213.640467702876,63,84.9142066967744,NA,36.4310900145892,4.17699172138872,1829.16164668669
"424","airbus",45.5027789209824,58,107.287668386877,105.685119916027,21.8335643484967,3.39981859190893,2542.33562610028
"425","airbus",241.452478715665,73,77.9675913061049,NA,28.9755264875637,3.52967391960328,1000.58716565027
"426","airbus",181.522062581099,56,92.1314349495465,NA,20.5865685908701,4.17587734787095,1656.06362864577
"427","airbus",234.443310620611,68,92.6446319193094,NA,43.0774140687364,3.86221367178807,1860.80230004631
"428","airbus",145.225594644879,53,74.3640612675415,NA,27.9079707202615,3.8372800253869,853.28081256199
"429","airbus",191.36156326285,62,88.3942404674676,NA,28.3487557926751,4.36247774868296,1465.2593262091
"430","airbus",91.1370525033356,51,81.9523921265492,NA,27.5030129622734,3.57400855962286,937.681380995568
"431","airbus",113.376050391669,52,98.8915719933003,100.528056373207,33.5730073820646,3.50346077755896,2169.67257337353
"432","airbus",192.312699008057,52,79.4119642749357,NA,40.213139667327,3.77655095832644,1216.26759248794
"433","airbus",247.495990035438,66,100.754771959638,100.836793958416,19.0287110719094,3.16797804278926,2123.14708774864
"434","airbus",237.405276707941,48,53.7740131177536,NA,28.2608022157624,3.17552959861238,241.160964231222
"435","airbus",113.905617643181,50,90.6895541939343,NA,19.1177515799742,3.57755165730262,1394.71173460595
"436","airbus",193.799970895211,68,84.9804838436474,NA,27.9866063949275,4.49529379418636,1522.96035126414
"437","airbus",178.537210037518,50,77.0792007897315,NA,24.8336827079567,2.68955326863499,880.800448975645
"438","airbus",203.25433498175,53,81.271022989949,NA,26.1633071828412,4.17461859505749,1141.45401135104
"439","airbus",193.120077020576,59,96.1965641692538,98.1160741547752,42.3077318441384,3.61391437135112,2330.9880709348
"440","airbus",137.807667692667,63,69.1231169247165,NA,31.1516812261882,4.05639369017076,825.111722343723
"441","airbus",147.249818096883,70,87.9974298971877,NA,34.0807920610903,4.4012518220129,1467.70029389534
"442","airbus",217.730165413073,61,77.0546433365833,NA,28.8680812249926,3.77642050946426,877.327545525189
"443","airbus",188.017977255442,38,85.1808422511267,NA,37.0287936906804,4.12169017171198,1257.00925188041
"444","airbus",249.893603633711,70,99.0697096507391,98.8714198615157,36.195843364389,4.49112919395743,2268.78269889393
"445","airbus",175.130422978034,58,66.9439362924825,NA,40.5238366075173,3.92175026629816,795.713404019176
"446","airbus",248.099390468465,67,83.3518448201172,NA,39.9797022943766,4.0038857407064,1083.17912761776
"447","airbus",107.226904960621,60,75.8997701929987,NA,22.058367275608,4.23192793466902,778.160774975573
"448","airbus",162.787549706931,74,95.5090005391065,NA,37.3503062372561,3.89950151349655,1685.3805566737
"449","airbus",216.876402507571,45,91.6185957377825,NA,38.3241993822294,4.74363145269431,1967.61099370293
"450","airbus",199.505807610571,51,59.0998250907625,NA,41.6040029407835,3.64053442382193,562.165919748567
"451","airbus",108.722068953027,64,99.8173834591436,100.309897030187,16.2152805933094,4.31409163100505,2080.21950102145
"452","airbus",188.911880313542,65,71.642793787733,NA,27.3679551690431,3.36224252984373,642.454618730126
"453","airbus",202.276045391196,52,59.5587813951862,NA,31.8304968724013,4.9226883241849,650.327778496151
"454","airbus",145.170272101431,67,109.610582919791,107.314542982315,27.894764076013,4.21541278874136,2781.72633017255
"455","airbus",223.95233137234,56,99.3250358986982,99.3973645361049,36.7826828613271,3.18007096894437,2059.53773770141
"456","airbus",215.142221189973,61,76.3580507791109,NA,34.7555642907899,4.6254327938764,1085.82226163974
"457","airbus",123.183152225485,63,106.929225163933,106.760253598456,26.9278595917524,3.20351382421682,2770.42961673312
"458","airbus",77.4640341639505,66,103.316387318794,98.1299286363434,20.1166035987388,4.33383507675692,2167.27276882029
"459","airbus",184.347380481087,70,73.0094441263569,NA,31.0243184009765,3.99015469356892,884.348219086421
"460","airbus",143.675953509978,55,59.0750140538388,NA,52.3785601230664,3.65046329424717,817.115736224144
"461","airbus",125.277987470366,50,71.0719827821754,NA,39.2215210951841,4.22904167557006,886.888787504099
"462","airbus",190.833625198033,71,93.7990133596202,NA,45.7848263632273,3.97020772491906,2143.2741159556
"463","airbus",173.366424075235,62,92.3045525451331,NA,19.239238533198,3.39707556651038,1451.39615323303
"464","airbus",181.701750455888,48,79.7939604421293,NA,34.5326830717109,3.76482161003331,1159.54661747971
"465","airbus",142.587645702245,66,51.1582283880313,NA,8.55906917698532,3.91344778506392,242.595886456319
"466","airbus",208.879006683297,56,53.8887623951584,NA,23.4966681912353,4.00001592085057,375.32596789416
"467","airbus",184.618192619355,65,95.6169719003352,95.0113645668197,23.2783954143541,4.56555111971051,1763.77107526015
"468","airbus",133.507353271166,64,60.1845748381563,NA,31.1055253871631,4.26920522084226,512.842978125974
"469","airbus",54.2182398973463,57,63.4213629744082,NA,42.9496445163778,4.54901037447825,700.994624368188
"470","airbus",161.092154472916,64,94.5262553421596,NA,49.2399847410097,4.50637421765383,2134.19329049549
"471","airbus",192.282873168786,64,33.574104065341,NA,36.9706898677173,4.35846433743523,782.717417204898
"472","airbus",102.953331342695,56,84.4054880672752,NA,45.914274225944,3.80221561683637,1495.05191593497
"473","airbus",179.898487281173,61,93.177328078219,NA,37.5749630782382,4.32476300999739,1938.53054612784
"474","airbus",168.795530031477,47,92.9075917846946,95.7629816165776,23.7848971833535,3.90867405042209,1955.30349107129
"475","airbus",171.437306048359,55,86.7743119301507,NA,25.9150148949652,3.98067623111012,1188.16439336561
"476","airbus",140.418239815013,61,100.089038054341,100.511431096164,35.489404508158,3.52717378846221,2369.08403787992
"477","airbus",186.195026679713,60,82.49274970263,NA,38.1807651148935,2.86725520086732,1143.12218176763
"478","airbus",139.639782106334,57,64.3556335161971,NA,41.3156977082874,2.67598513159397,714.70839357943
"479","airbus",173.640831029072,56,93.0164593157094,NA,31.3413933282245,4.10903404986966,1840.05304878593
"480","airbus",88.4422685469301,60,81.3399233062283,NA,19.5578901252599,3.43296202334949,1101.55919011606
"481","airbus",149.820842773184,59,80.2032843416326,NA,27.5209057197421,3.82924212858208,1188.62142468847
"482","airbus",128.373365657191,64,55.4616251073412,NA,14.6512760498674,3.97921175381667,180.565225335013
"483","airbus",149.694726244627,54,80.5021860706314,NA,38.3873303103528,4.65489872165674,1153.89203828322
"484","airbus",206.553789070842,77,76.4571737768848,NA,31.9181467081248,3.80232039420122,877.018870999613
"485","airbus",188.924002558534,61,72.8804321065276,NA,49.0804333623239,3.89620817873173,1133.55184854482
"486","airbus",92.6481218827666,53,55.1615285387447,NA,30.1670843590522,4.47205457100807,623.006732983475
"487","airbus",104.779069563658,59,55.0275560321826,NA,51.781247913817,4.47537454467849,837.968152814715
"488","airbus",182.711675696623,45,77.8055021370362,NA,20.1899583881143,4.1780154030201,905.497883752303
"489","airbus",157.167286869091,48,101.838504866634,103.634971270849,23.0116217477807,4.94297306328558,2524.56766173855
"490","airbus",138.234927476863,59,64.8136719411394,NA,14.7803364731388,4.2209516551344,402.931300741327
"491","airbus",165.498982326161,75,56.9816434213019,NA,40.3853170662952,4.33099977443554,762.73376985754
"492","airbus",55.9194443488495,71,98.6733022344351,98.9387009422516,40.2147494185639,3.87980902896666,2189.99572858812
"493","airbus",104.605658517375,56,57.9910588441037,NA,33.5459070291335,4.12147698081409,584.795466666487
"494","airbus",99.3465355148084,51,88.5134337178992,NA,29.6857197375049,3.9239835974616,1446.57323491223
"495","airbus",190.791708585451,58,93.6722814012166,95.0988217712479,33.6309788109487,3.45921533324203,2048.4941733029
"496","airbus",210.56817007307,60,77.4641157245029,NA,24.0666928152553,4.83695705650972,1023.10465833975
"497","airbus",93.5408077706346,40,80.6274166792102,NA,28.6025571302559,3.62342018864413,1021.08881169876
"498","airbus",173.572758667783,48,69.4402669908772,NA,21.2357041436286,4.23494858456938,860.437083924852
"499","airbus",164.876911356929,55,81.1654990332634,NA,32.2775154706299,3.56308689634615,1176.57846163314
"500","airbus",207.394982234319,73,104.700106125361,107.786658424804,9.6972160001814,3.17245658111242,2340.58279734007
"501","airbus",184.5313225007,63,71.210703039751,NA,20.9411290365653,3.6300802089076,615.76123718281
"502","airbus",109.544488995241,67,85.0563209429356,NA,28.1756832996912,3.76331501245549,1553.50029105641
"503","airbus",60.5336441536903,64,52.9841269225563,NA,23.8650025734195,4.32273831413829,487.468665619725
"504","airbus",130.37394532668,76,72.3449000985566,NA,32.4857590692868,4.28561790963926,839.245642869768
"505","airbus",151.678422124873,68,100.641668216303,102.110147744852,32.9773735803808,4.48319160803559,2454.20317212598
"506","airbus",112.075318627303,58,76.7718348293665,NA,25.9475699973254,3.44302479408351,824.03883822295
"507","airbus",186.224294058534,51,69.9225227514735,NA,29.0984082570842,4.38845256783251,1040.61594876701
"508","airbus",153.199684327819,54,73.9183526192214,NA,25.5084327285355,3.73078970432531,807.345285167411
"509","airbus",214.727213936,65,114.64796613462,114.162516348297,35.6402815164767,3.80025485495071,3541.57775536381
"510","airbus",175.533113610255,61,65.0370847871579,NA,13.8075904353785,3.49485499529488,280.804403035561
"511","airbus",176.454137378891,68,67.7593514769408,NA,44.6165422748288,3.78439727818485,786.1395485406
"512","airbus",231.881174137034,63,68.8977466381172,NA,31.8500230412854,3.81152262747034,764.039947514397
"513","airbus",182.447763049392,66,52.7078415199391,NA,24.302641153078,4.1859666087887,317.81268658727
"514","airbus",161.243690464327,60,77.8316319864393,NA,45.6004734540946,4.03169440913962,1173.40587760585
"515","airbus",167.250617278812,71,82.9511786770049,NA,53.4386180948591,4.03466392597775,1484.96033175603
"516","airbus",188.374048698485,53,88.8962100946845,NA,22.9139163750922,4.00359575101731,1418.80422134783
"517","airbus",199.335013806624,63,106.32542251583,105.110068206722,42.9727763163227,3.62633032999154,2762.47605155096
"518","airbus",115.382872352355,70,56.8433905530315,NA,41.0619808609989,3.50382194399978,754.782848379359
"519","airbus",156.954849422623,55,87.5080054582028,NA,30.6200860667479,3.5925696560292,1548.47387383195
"520","airbus",191.310929429459,66,44.2584838462454,NA,49.2877434696992,3.69714006142659,901.406704432407
"521","airbus",162.520840824989,62,74.9163048903263,NA,14.399868334733,3.11293033642776,433.660005691164
"522","airbus",199.495191491011,55,64.4620280788322,NA,26.6562862347062,4.29439031668847,767.761571002332
"523","airbus",157.93753687046,67,61.1536994773746,NA,34.5904580257182,4.59234993892389,867.00783195973
"524","airbus",199.919691751571,48,109.3011623551,109.556628167737,33.0665139544385,4.03505025811057,3177.188541913
"525","airbus",203.321035865729,50,64.6581410257023,NA,35.1223015663711,3.58841710240647,789.543144557947
"526","airbus",250.581703576015,74,73.1975806145083,NA,45.3973260992199,3.85148831951346,1013.3017470412
"527","airbus",127.228939358142,61,79.625978744549,NA,32.8963770070739,3.7480779518616,1059.54581903516
"528","airbus",140.699480773066,60,75.9396397336045,NA,16.330513276164,4.43299032107266,990.145814362648
"529","airbus",139.313810279594,44,99.5968415471288,99.1602663450463,35.1870300917426,3.84026671455723,2116.08091901105
"530","airbus",50.051166433247,63,55.9592668419939,NA,39.2081496568166,3.70377461427785,833.574947646899
"531","airbus",114.094977870586,56,86.0535678102736,NA,28.5510757748892,3.98050559257537,1392.42027004393
"532","airbus",84.375146327971,49,112.189720252177,112.190183231568,30.2025588673171,4.75338449540102,3313.06722072869
"533","airbus",166.046929004598,56,84.914977191249,NA,38.0356787673489,3.6712712953951,1218.70207511914
"534","airbus",185.402517601654,87,92.1252729304428,NA,45.0936077043868,3.41827136518127,1826.80100131938
"535","airbus",184.674463942191,60,88.8005737314055,NA,20.8228052924871,4.08768356459785,1366.40557720146
"536","airbus",114.896254090085,58,75.8826135273214,NA,46.1598760972054,5.03738323232448,1178.60221367332
"537","airbus",150.030392054339,67,87.5716442709361,NA,17.5382492314418,3.02259474903279,1219.62390177553
"538","airbus",203.408982100698,57,80.0193917710702,NA,31.8820271936138,4.45264640738909,1155.98918398303
"539","airbus",177.259649232854,63,98.5936184518654,97.4839298920006,22.1261514995708,3.43155943682409,1899.70842784066
"540","airbus",273.591112855814,62,76.1859168417973,NA,19.2698345744917,4.10290910803271,789.141068466264
"541","airbus",177.217639236452,67,90.6726045444169,NA,30.3548876616555,3.713248993962,1638.11598984448
"542","airbus",199.579461047782,71,81.5542537699018,NA,30.0479901659044,3.83894273598662,1264.93242866668
"543","airbus",192.582422138125,60,110.408123005314,110.038572431885,39.8172809660733,2.82618414883328,2919.57931291465
"544","airbus",173.7714149791,65,94.74179986776,95.2874466099357,38.7319181510485,3.15870299591013,1882.94124911878
"545","airbus",188.408225286437,56,65.9386838943919,NA,32.0152861897356,4.13788510239164,816.222114338364
"546","airbus",176.084891098428,58,88.0134188788769,NA,16.6981020603935,4.06989949814946,1380.27372373424
"547","airbus",111.214652854667,65,68.3639988882245,NA,47.3893184734009,3.31341525847945,969.545575301327
"548","airbus",177.191663019092,69,92.8089868136976,NA,29.6464146523513,4.16438747733743,1960.47681268285
"549","airbus",140.493151323592,61,92.3863588089866,NA,19.2934553158273,4.05072459698535,1714.89999634731
"550","airbus",158.535030148429,62,118.518978582535,117.654233377655,25.7850691427845,3.52365532340639,3469.14676668298
"551","airbus",156.436176235982,72,81.7471868743514,NA,36.0771067827901,3.73212133687378,1125.96953719331
"552","airbus",221.592458435252,48,76.3685422798407,NA,19.3951517022844,4.87364234287353,932.571877513879
"553","airbus",199.92116030983,53,58.5664004409623,NA,35.200959217565,3.0643097131847,634.090993050479
"554","airbus",106.819276905457,77,63.2222078111207,NA,34.7593220468611,3.91584115100307,656.186956582993
"555","airbus",289.320493199828,55,81.6913324204314,NA,12.3157958659907,3.72131882815259,829.186392039365
"556","airbus",179.194193789614,52,87.9379670519345,NA,18.5464787141071,3.874063938065,1243.0345555475
"557","airbus",182.267110805581,60,89.7087750515669,NA,32.7387753064565,3.33533099545395,1479.43343211972
"558","airbus",180.348320035881,61,59.1515488188031,NA,27.8800386847963,3.23932360039326,475.154899570249
"559","airbus",94.8285740469001,49,86.4832259072391,NA,29.2892518182984,3.78112598777056,1555.52591254958
"560","airbus",145.779394806156,52,111.673917853093,111.332362285079,36.0428028881591,3.51498335414923,3311.83695846735
"561","airbus",207.108452383611,64,83.0012629327314,NA,19.7377650513491,4.47284657234669,1116.55881728137
"562","airbus",149.208590958317,66,63.8178895015066,NA,11.2380213373451,3.6038718061646,370.470741590031
"563","airbus",128.587157522024,62,86.2395044112669,NA,10.7537804763246,4.11320823135048,1158.58917863543
"564","airbus",61.2067658423249,63,76.0359020898096,NA,27.9515569135108,3.79808033342465,1296.76725434903
"565","airbus",96.7653752044848,82,90.7443133064386,NA,33.024489327439,3.54555683497127,1811.98401999829
"566","airbus",142.063108513118,70,74.891135810727,NA,32.8004137146249,3.01680558424051,811.322443842842
"567","airbus",224.051887705495,67,96.4394824232102,NA,29.3858429156442,3.45509240185366,1728.49112598183
"568","airbus",194.688902065389,61,113.818840426388,113.5705503152,33.4667740603763,3.63103237744384,3296.36495269747
"569","airbus",190.768394473197,60,74.5157771764396,NA,44.4631041893328,3.7635014625122,1122.18893885994
"570","airbus",144.829175180837,53,88.2059232486778,NA,27.990951955606,3.09096038351372,1259.17375877649
"571","airbus",157.97520716774,56,109.18164732547,108.231985325899,21.2491049016602,3.26234789162366,2810.69576376677
"572","airbus",171.370698949549,57,85.8492568780784,NA,41.8678018082983,3.57660815133724,1715.5280457665
"573","airbus",183.618499252457,69,53.5392425231973,NA,31.7394229066583,3.5237749131301,349.158516477075
"574","airbus",163.231189198976,64,56.3188042674333,NA,28.3744439588768,3.26214002514072,479.575387426519
"575","airbus",105.139013753015,53,60.0061846222925,NA,35.9124179505792,3.92333780600322,561.272322114212
"576","airbus",49.0121146458891,53,82.7078380928597,NA,27.062335049544,4.24873684919498,1312.66829138766
"577","airbus",201.187981779698,54,99.0174012836504,98.2219208905136,39.3196474215863,4.39352532711605,2481.25812476625
"578","airbus",212.054036133299,63,51.5870445267706,NA,20.4512858114554,3.06368621496317,133.086909850687
"579","airbus",196.030114652381,59,85.6871317918398,NA,6.22751775229743,3.7783789270001,976.433685420811
"580","airbus",132.143879924586,70,90.1818733326605,NA,23.8444785469691,4.23333018031376,1539.68552070523
"581","airbus",189.581089149644,58,61.0039142419291,NA,37.3502587653355,3.29773375713809,498.768013316196
"582","airbus",162.312953409424,55,78.7070498897928,NA,31.4397455402825,3.40653474937078,1138.94243845485
"583","airbus",178.336951766502,55,87.0159584889075,NA,38.1946623351095,4.35506585403719,1693.40270561539
"584","airbus",156.457425498994,59,72.5912440085038,NA,14.0826279582279,3.73524385178886,408.979227338871
"585","airbus",144.822751421448,65,92.5871117170798,NA,20.5885401303405,3.19803272825609,1710.34866260756
"586","airbus",91.6515722692245,76,89.53960112585,NA,47.5988050987987,4.29832333365699,1862.5550084772
"587","airbus",98.9926165359612,65,66.2266057162096,NA,31.5156615100748,4.23868508231149,587.188672302185
"588","airbus",100.086245868374,49,73.4732910096724,NA,33.8573967060437,3.4675514513928,892.022782609728
"589","airbus",119.513137066725,75,82.0993563326499,NA,39.809531293677,2.77905352600435,1186.67642958997
"590","airbus",119.43615231574,54,89.7766786065723,NA,28.4287042501278,3.93559002000188,1285.54725684199
"591","airbus",253.727684693524,53,67.7263771027938,NA,28.1009040316283,4.81660279205779,714.514654595739
"592","airbus",156.188738216925,59,76.1673852305397,NA,51.166565601286,3.25808519133005,1198.93911864118
"593","airbus",201.669020836347,52,75.8014244125487,NA,38.4043601382925,3.1195493136889,1051.56975974799
"594","airbus",117.444785930964,60,77.9274337225328,NA,18.9921288822322,4.12186020226705,779.897229009759
"595","airbus",150.550594121913,69,67.8174222991531,NA,41.1215168499159,4.20268538995191,925.678406080605
"596","airbus",121.919963881631,65,108.144983469058,106.70400079672,21.4444633253195,3.35536730819539,2435.82450902006
"597","airbus",122.731941649695,64,67.9150509289854,NA,34.477029281811,3.9226490939265,776.264186102426
"598","airbus",190.739425498433,77,47.8821170548729,NA,14.8359643610035,2.73228428359719,41.7223127326463
"599","airbus",95.8473249082288,62,96.922695595914,99.8369510880614,21.4188554290946,3.84489221113791,2093.99659560819
"600","airbus",149.331305811403,62,98.7275211743343,98.1479322757899,16.0971394400197,4.31824624823121,1885.7456024239
"601","airbus",198.368336265189,56,85.7344331480294,NA,49.2725529689895,4.4426012633323,1712.62512450936
"602","airbus",191.425016893804,66,98.2639909889298,99.9606344677714,45.1489667506353,4.39389990957018,2640.37884461496
"603","airbus",155.98658137682,64,86.0251364672442,NA,41.6561168524227,3.72164436922612,1598.20406997025
"604","airbus",93.0636243995527,59,72.926186341948,NA,22.4586374824369,4.16460257060748,853.034344421215
"605","airbus",137.85119674608,61,76.0956691772968,NA,25.0854836070275,3.23487395160337,691.691357065871
"606","airbus",111.877904175767,62,68.1938472432692,NA,31.7872927334385,4.35825122076147,709.559644617292
"607","airbus",152.558022861401,67,75.5645245204686,NA,48.5174025471071,3.50557064832498,978.872843606764
"608","airbus",217.836622894109,68,77.6670391832571,NA,35.2169884320478,3.17620849462558,1070.81556397286
"609","airbus",202.109093973433,53,76.3348057475061,NA,50.7459313621786,3.54199628332072,1052.69155049642
"610","airbus",187.529335099152,70,74.5990098757016,NA,17.9047677081528,4.63061351926229,892.983974323511
"611","airbus",216.558097479823,69,59.8516619529707,NA,28.2446213902364,3.42948625954523,758.987256961124
"612","airbus",214.220485073288,45,72.4906167568189,NA,33.2281251966391,4.36931648755267,748.766791800114
"613","airbus",188.784528938784,58,81.2286271659813,NA,29.0245072247627,2.67133165196971,978.593855880384
"614","airbus",94.5953940450977,62,63.6187550124379,NA,31.6191736389418,3.60406874746617,574.173851284981
"615","airbus",196.975618017417,54,79.152671368315,NA,13.6621796616723,3.94003193609458,813.2344040247
"616","airbus",151.389338793646,59,69.4752164217276,NA,24.9692808682776,3.81877501124031,690.519521927687
"617","airbus",169.749375216716,65,43.92355512739,NA,43.0507708010023,3.36514374397146,735.823411114203
"618","airbus",214.785061133928,59,56.2852256186823,NA,19.0979474867621,3.91512785273367,321.516327162473
"619","airbus",115.869223865083,45,86.8758799784967,NA,34.8380711057433,3.79976837152749,1262.1538907281
"620","airbus",81.8847868714518,63,70.8038962840712,NA,36.4224310652505,3.60652434061555,816.958983009521
"621","airbus",140.671201412947,48,120.45475565775,118.672604009014,30.3515069531689,4.3710717196366,3891.47189158882
"622","airbus",204.564372797581,69,76.6148228939177,NA,11.4722933169958,3.26324355521877,636.741375832373
"623","airbus",100.253072480026,61,41.1009913831083,NA,34.5639418614858,3.49093891899363,668.933200234904
"624","airbus",305.621710722336,55,75.5068442211733,NA,18.8221516496791,3.43205145874029,748.170783364919
"625","airbus",197.975057454798,61,69.8654546821832,NA,31.2092038493039,4.07508331970729,767.926676990319
"626","airbus",58.973877842398,62,88.6626713201833,NA,16.2244681660339,2.82969918925874,1359.84065404778
"627","airbus",119.631457715571,68,66.3615355044623,NA,34.6249782630903,4.02431947601243,883.59894001493
"628","airbus",156.102586029856,63,67.8765045425072,NA,31.0071597074605,3.87327805285914,637.648115572288
"629","airbus",128.687941041303,56,43.8528053793703,NA,34.11455859286,3.31257824377233,554.066168900696
"630","airbus",170.42197717353,56,89.8700593076026,NA,46.8587928880632,3.65083586302931,1734.3315550531
"631","airbus",256.156952868616,63,73.1439104884292,NA,37.0641382923164,4.64852086551963,1242.84004709609
"632","airbus",211.254165581034,56,74.3373938719137,NA,11.5161395973016,2.79902047620796,485.194727041375
"633","airbus",160.841576906781,48,87.5514688434119,NA,28.5455829235626,4.42298309818021,1410.18903748638
"634","airbus",220.308365157715,57,101.130204792954,101.806429081189,32.9522801020692,4.15919180680242,2461.98791351481
"635","airbus",176.417224041724,56,81.2240521086441,NA,28.4783075930904,4.19020771392173,1134.88068670605
"636","airbus",160.31996257584,74,77.6414551302652,NA,27.1970626582857,4.69996229149125,863.798008537555
"637","airbus",199.502820082489,72,58.5121468116947,NA,38.5909307390401,3.54704662879731,432.732225892025
"638","airbus",195.661086836031,61,72.6291327826532,NA,24.3621442577745,3.63994537212266,714.325994318654
"639","airbus",148.447272073138,64,84.3408833502295,NA,11.6717638221659,3.33984146524737,1085.48413540091
"640","airbus",157.874214649333,69,63.3115600666941,NA,41.2902861438991,4.01343658375787,698.482812315528
"641","airbus",111.185119261396,52,74.9290036147641,NA,31.6032740659775,4.62838727076347,1046.1643877118
"642","airbus",91.3057495315387,53,86.3562890746453,NA,27.5290034726131,3.86256138192021,1381.56020040133
"643","airbus",137.585727835234,66,126.244300540829,127.937107657883,35.1757013051645,2.70192369522697,4795.63570562375
"644","airbus",110.835927041164,71,78.0432736731531,NA,29.5089074554325,4.58245129989385,1122.2836188878
"645","airbus",71.5695454785728,65,95.782272413524,96.3128816082973,27.6863304444612,3.41714011017597,1740.90188941261
"646","airbus",121.127622173114,64,81.3278057183435,NA,39.3592635539219,4.50928463456341,1419.85246011674
"647","airbus",170.116178106597,54,112.82931518505,108.216239479604,35.4796824906314,4.03030419774181,2808.99112306867
"648","airbus",163.675005341545,55,113.020727687645,114.877860428282,28.6376403626756,4.75421077609887,3559.75848159096
"649","airbus",156.969909331691,56,82.0931099617189,NA,12.8782173775561,3.60215932630397,899.588606806631
"650","airbus",198.422351436914,58,64.3051467992741,NA,17.4565932775693,3.82219463712267,383.905781162891
"651","airbus",85.6819245676272,56,97.3453998778919,96.1749987294411,19.2392723022815,3.31905775829711,1790.23912759183
"652","airbus",183.131327250742,62,81.2502091089743,NA,29.0052154916203,4.02914978498213,1193.08138413268
"653","airbus",83.5369235303944,71,78.5118199457534,NA,18.3417895498929,3.57327992991553,785.964367587829
"654","airbus",199.218022586502,53,66.3852442356697,NA,31.9749886863701,3.56925965062231,757.858022365725
"655","airbus",167.387377594135,53,85.9435555460299,NA,9.16462597049962,3.1601680959085,1107.69707184372
"656","airbus",129.67260359221,68,67.955731399237,NA,14.7174335621521,4.30237760713829,436.678779338159
"657","airbus",113.386090818038,66,64.3505365499512,NA,28.2938588183894,4.39761290147237,537.856124448371
"658","airbus",87.8955016401306,63,77.2193096763087,NA,27.5495276162143,4.0913662086692,1076.2259181049
"659","airbus",156.317285503961,60,88.8802449805461,NA,29.7891944202527,4.23607453181803,1588.81713071955
"660","airbus",175.690246701786,62,56.5880273697238,NA,48.835248391756,4.02315139005819,840.855708232651
"661","airbus",259.097916740062,54,54.9533232567592,NA,30.9543034057929,4.02618742801801,561.446905805526
"662","airbus",110.582815614638,62,99.6919056529526,97.4907852316099,24.0887429964738,3.87240278305287,1783.81291544735
"663","airbus",183.353345671119,64,78.9105947979615,NA,25.5177416565661,4.49308164430799,870.094656695007
"664","airbus",150.600531573453,49,111.236562979142,109.854301969024,42.8324974488219,3.91974151890456,3156.52616362788
"665","airbus",239.992218229102,68,104.195864204645,104.962611044318,27.3173813809799,3.8378238035796,2606.24956632817
"666","airbus",117.972687668865,62,88.1105310498525,NA,28.3952714487325,3.83737814973676,1539.76136059128
"667","airbus",218.875421307298,61,70.7015964290917,NA,34.6085784082659,3.33170461044318,737.567227490061
"668","airbus",127.807523156315,62,81.7598841766602,NA,38.956886389065,4.45035703668339,1526.75088548176
"669","airbus",140.453114452124,75,120.418948050194,118.484703983024,31.2634455317389,2.79673140656698,3470.58382889299
"670","airbus",124.910585244464,64,65.7640011815148,NA,36.571837553744,3.23683599367358,606.029980051151
"671","airbus",153.43737248827,61,54.5934754531571,NA,29.1486136779273,3.2715631977653,424.161757725323
"672","airbus",123.072462977117,62,106.079492186913,105.313028690714,32.7803672170269,3.36290359526875,2493.1981649082
"673","airbus",197.43183449241,45,81.3753178550009,NA,46.2855697268305,4.20527545745502,1459.50229761021
"674","airbus",180.370163346407,63,81.0608909183202,NA,24.4036757168111,3.51442843794953,1075.14907328169
"675","airbus",94.4906360164173,62,69.2839011341438,NA,32.274716305488,4.12016589436636,836.489634134674
"676","airbus",137.802943144038,56,68.07861302598,NA,44.6805021957042,3.96997679365218,1083.83117530615
"677","airbus",208.160704795558,63,93.5080283207698,NA,36.9792980441133,3.93788468531313,1786.87587788053
"678","airbus",88.5275491128726,70,89.1696328792753,NA,19.8391492643361,4.00675957997305,1315.97359626127
"679","airbus",73.803250741646,56,85.5668702933606,NA,34.0393329779269,3.79609328261157,1414.27845945968
"680","airbus",162.54586960113,50,73.3384997188987,NA,25.7774716566777,4.32234021146724,929.570993834413
"681","airbus",130.850883264712,63,97.3795047161069,96.7295937873961,22.4991256216553,3.81067678738698,2092.85641227708
"682","airbus",89.2793019670208,63,82.7388904368038,NA,34.4313941682922,4.24583813351361,1511.46444152532
"683","airbus",42.1462261591314,63,46.2647185005969,NA,20.4907115145925,3.48191215452434,383.558497782131
"684","airbus",146.109176559262,57,69.5572773103772,NA,34.2722453963417,4.87796279651495,854.465585576272
"685","airbus",164.622948610048,75,86.6030088618579,NA,27.6643590599099,4.5796739340852,1366.38274541133
"686","airbus",189.845215772943,53,86.1813304583357,NA,25.9097866959318,3.2797747664625,1327.18790851945
"687","airbus",116.604497984488,70,94.0243011668087,NA,24.3673561750585,3.66475679845002,1610.41529608019
"688","airbus",260.501892350295,53,63.4890005546033,NA,35.3713571037935,3.9722083718873,812.163170519996
"689","airbus",246.44447345871,55,78.5441378069515,NA,32.4290855946719,4.49056168433497,972.106465872172
"690","airbus",162.964694420551,74,79.6596294944739,NA,31.4482531093362,3.80750176951,1092.87485029163
"691","airbus",186.097320024521,53,98.4381155375048,98.5616985367351,48.8470226190055,3.31240526362891,2299.95237103495
"692","airbus",212.552907326497,59,70.2451102342912,NA,26.203014088618,3.08709197231347,647.052183213574
"693","airbus",162.71456233922,54,98.1873349003655,96.5150446531811,29.6251932924516,3.05351526898659,1975.11056767822
"694","airbus",109.913584421307,64,95.8028187474295,NA,21.5495275190762,3.49414625225994,1711.49417457982
"695","airbus",199.360234943853,55,71.3030536308969,NA,15.0994263382746,3.59774343367143,455.555466869021
"696","airbus",151.205949476626,59,81.3101559445855,NA,41.6929129722564,3.65910168042899,1519.3190395279
"697","airbus",207.691598475659,61,54.5423380476323,NA,19.6108450890975,3.97305404605574,397.012005635627
"698","airbus",98.1762967635167,60,53.7491346073143,NA,25.5457892502799,3.71420059912296,378.825782672961
"699","airbus",153.02512947188,56,88.1026241228372,NA,21.2479095243431,3.1559405965231,1296.22422286673
"700","airbus",139.941945159512,68,73.2827283365468,NA,25.9835478764949,3.67368627443339,805.096742173996
"701","airbus",149.651089273382,46,69.0376884409637,NA,48.5598450579111,4.19739909625583,1127.80053312704
"702","airbus",154.236226141369,65,102.878941445192,100.669306005426,24.3475162077279,2.93575670953545,2119.31359548959
"703","airbus",152.133318243745,49,67.9647478196764,NA,43.9736979702774,4.61267586280085,1097.37786463359
"704","airbus",236.139895213425,54,61.2615752070926,NA,26.5688501344022,4.3822934228853,455.51323476935
"705","airbus",156.013355324648,72,96.4131536727489,96.1269653774055,20.4728163471928,4.3048320152171,1816.59414489962
"706","airbus",122.335069367883,56,99.5591349376952,98.8757524722823,35.5612554933238,3.89486767766248,2283.19494512119
"707","airbus",168.557482847542,60,93.2692359434419,NA,33.6524524676677,3.34186755844043,1858.05205379111
"708","airbus",205.027785954418,59,79.8612022270808,NA,46.3354203206844,4.65561549907552,1189.82842408951
"709","airbus",230.323981826113,58,55.1086317920583,NA,29.8594981039143,3.25995416170691,270.836762430926
"710","airbus",124.697018178472,51,109.784993252081,110.569647665393,10.0999908021015,4.46546063976169,3054.41240617653
"711","airbus",155.022077999259,59,61.4617238882026,NA,24.8180981737708,3.83390547791267,617.030628916105
"712","airbus",141.808668294916,50,69.8356854435429,NA,42.7456535621578,4.50371760129064,815.071685466261
"713","airbus",131.293816053133,60,60.0305839441626,NA,36.994580011131,4.16320529628873,581.810119860912
"714","airbus",106.292541728955,63,92.8078267569412,NA,31.3249100263201,3.48068923368487,1477.85981217361
"715","airbus",112.824027558744,68,73.9673062581996,NA,20.1093033509951,4.34379277342953,755.785310052704
"716","airbus",58.1800163934177,56,68.0243491214576,NA,32.7407680815611,4.68373414188125,950.576388943732
"717","airbus",182.645502595528,69,105.887248481861,107.528038089963,35.2861889264348,3.38998715057087,2948.80970901904
"718","airbus",103.477449732419,62,85.0264478604023,NA,11.7165881006725,3.8585210867214,1287.7637740197
"719","airbus",269.113862030645,56,65.5161990384796,NA,30.8056276013895,3.25263935375237,753.720518779635
"720","airbus",302.967123193702,64,70.2272532732418,NA,37.4183970255186,3.24990731101663,847.929080076691
"721","airbus",94.4295376670611,61,86.4195370629693,NA,25.4032778420579,4.719328679892,1561.02978395275
"722","airbus",228.000618029438,60,58.9028744121929,NA,31.5792327204331,4.24753235799469,595.031316826284
"723","airbus",207.953130578514,60,76.8267895527936,NA,33.620477575948,3.5702552915831,1181.73540926573
"724","airbus",117.259258593241,61,66.0798011409915,NA,14.5650081877214,3.71229604538591,436.147834473197
"725","airbus",203.387380085533,67,60.5600851020412,NA,29.7726321767639,3.74615622935308,698.895040679636
"726","airbus",228.341007023513,56,82.2007962474964,NA,20.8363069146908,3.76868338897466,1086.18624238032
"727","airbus",149.838297771411,64,70.2259582330124,NA,18.1284892486038,4.37610255126328,626.820126351965
"728","airbus",106.373635077437,66,53.3724098112429,NA,51.0033531504366,2.82755725244099,538.974147885279
"729","airbus",65.1271791673195,71,78.5189739109184,NA,22.2171041764146,3.96732143800305,1085.60663434341
"730","airbus",161.231094321917,62,100.630193369574,100.877461586764,20.2886546650984,2.86164020975627,1990.85322817881
"731","airbus",164.839453547396,62,93.3994037053521,95.5705467071786,25.8269061197147,3.1034419623354,1868.16524105438
"732","airbus",127.306096354955,60,99.6895958161901,99.459199838927,28.9708638994413,4.10710256767458,2032.77425481545
"733","airbus",179.556031152258,60,81.1796447898846,NA,33.2279874318589,3.99304172387154,1159.34678250892
"734","airbus",62.3055848878775,69,74.4630034934631,NA,28.6017813607959,3.67866373306288,1083.73174574985
"735","airbus",110.401450653454,61,59.5309439378011,NA,33.4248557591171,3.23265129548821,657.503995535184
"736","airbus",126.078435413947,54,36.4213888607731,NA,33.7996998924665,4.86611063926878,869.033733957985
"737","airbus",92.1728401451121,58,48.1728045065734,NA,34.7570159263068,3.94834425478703,558.365055887801
"738","airbus",132.271424703275,50,87.9172148165739,NA,37.7870358989972,3.74271635490956,1644.08872916428
"739","airbus",207.172992306048,64,85.5068987111623,NA,21.388842146763,3.81427169765766,1304.90288328519
"740","airbus",180.771232673517,59,66.8133948098685,NA,42.7143772208264,4.14787953613507,772.636481675735
"741","airbus",117.765121759064,51,77.0860981064982,NA,18.3898692667577,3.45148910986872,677.583395913996
"742","airbus",157.578583791346,64,101.374965222619,101.353834077019,21.4052358506057,3.2399654771985,2028.96758187434
"743","airbus",247.527189057795,58,68.2454668207668,NA,13.8592608499707,3.41832021186127,492.750238687112
"744","airbus",130.902251887158,62,87.0646449099475,NA,36.2938505631832,3.86492132212166,1606.31226601109
"745","airbus",119.108810196499,66,93.9189842579462,NA,11.1980443678383,4.26384808968661,1504.74588548233
"746","airbus",130.319123677376,58,110.767018697705,112.531781518016,50.7657990953572,3.38485598190644,3437.6566748821
"747","airbus",91.5309580765923,53,88.5702013366571,NA,23.7922315887092,3.63233573220772,1281.28154524349
"748","airbus",89.1196879592326,52,69.9956906426373,NA,39.550134877921,3.57587611351764,1016.67662320877
"749","airbus",176.941017336403,59,89.5026007214141,NA,36.1756657673145,3.3373132547376,1701.14945222118
"750","airbus",248.729107764435,58,49.4621336495214,NA,16.7961777687522,3.76168930635736,452.131263830405
"751","airbus",175.514430317078,49,125.212304088455,125.138548934074,22.5247788965283,4.36577236392351,4254.93326368633
"752","airbus",261.387014224741,68,57.0847094404916,NA,15.7616915608203,3.8049960732304,350.602405344688
"753","airbus",127.472758561903,54,91.0101002344413,NA,29.8711165405715,4.22527587136383,1897.82282404645
"754","airbus",133.739617174876,50,52.3333705632979,NA,18.0381045333418,3.93519320276733,513.495761861832
"755","airbus",165.013275006312,49,91.1103686212158,NA,40.4171284052612,3.54330574096464,1626.16834081477
"756","airbus",146.466688792374,65,72.0479678592226,NA,33.3367460441684,3.928518811054,739.737345357035
"757","airbus",168.639380312003,67,88.5227700610435,NA,36.185138884494,3.82789020509284,1574.19567226885
"758","airbus",68.1559498887183,64,91.9496075310089,NA,27.8053290167261,3.8092130804628,1878.76418234665
"759","airbus",141.888782662357,60,103.866925927991,105.559366518933,38.1273019670529,4.23991831288974,2711.463616685
"760","airbus",58.4998949932877,58,65.0684514369824,NA,47.5816042957934,4.20322976285199,946.466668094893
"761","airbus",98.7692542687666,73,91.2685572869082,NA,37.5051154935576,3.83895108147637,1818.95758044026
"762","airbus",147.717526733118,67,114.846608120452,113.170862667275,58.2277997357578,3.67275892873509,3665.80386928545
"763","airbus",194.02442137493,53,72.8294679814719,NA,45.5413571161559,4.42672795695057,1115.41408858881
"764","airbus",134.685641001867,57,44.1261354662083,NA,27.1823790628212,3.01282943125596,417.543072652249
"765","airbus",220.057127448274,61,120.557944021834,118.288179769488,15.6656580607988,4.11126529151092,3499.73358088557
"766","airbus",122.602216893644,61,82.3482776966738,NA,30.2635025644712,3.83272325002253,1219.30758370371
"767","airbus",127.077990508244,58,83.1980569893068,NA,16.0300002551603,3.30808042772792,1022.08407337579
"768","airbus",172.049312087968,36,47.4867650288964,NA,13.9848099406253,4.29901971624029,250.689761409015
"769","airbus",98.5003078094972,66,123.310530735918,124.39076753909,22.3271758146777,4.2767104875301,4295.90061309319
"770","airbus",165.193132366769,58,89.9539141469384,NA,30.857402546881,4.17218945078336,1711.61422548685
"771","airbus",104.63417530042,63,69.0839407652345,NA,28.3974618806774,4.1725671613359,812.31993403955
"772","airbus",264.593374820873,55,102.746504848095,102.412471425337,38.5340208293582,4.16971824808268,2623.6512567909
"773","airbus",182.748872034301,71,84.3333397690048,NA,28.9329631488194,2.9914135513985,1190.02282254343
"774","airbus",80.4773627928064,67,60.7891954062799,NA,33.7974530431122,3.72356997274409,563.102668643224
"775","airbus",194.991985376167,68,91.1504718599301,NA,15.3784937567061,3.51277444536302,1445.16343414304
"776","airbus",149.360362393092,67,98.0264123899806,99.4216887659352,40.9930528378833,4.7268210237454,2440.38121804203
"777","airbus",98.4614552455156,50,73.9396161620997,NA,42.3533836372377,3.95710426181211,1027.21346589909
"778","airbus",114.234856812937,57,79.982703337656,NA,42.2447512612331,3.78595421899267,1162.40439497245
"779","airbus",118.576071816367,63,75.3681716153408,NA,31.3407761351007,3.55801995267797,960.255596416494
"780","airbus",200.621366241294,63,77.1484593041678,NA,23.6024225290981,3.02017782499676,899.430558639047
"781","airbus",124.140102594383,59,66.464640398899,NA,48.0677902970811,4.16565977051204,853.864537847393
"782","airbus",NA,58,101.099832126808,101.467622684964,42.9523957617797,4.2257015342444,2688.98569735753
"783","airbus",NA,52,73.7611159441972,NA,9.68830772399137,3.35854640906289,554.160987005087
"784","airbus",NA,69,81.1851865395326,NA,27.6873876978893,3.35229362279856,992.427064802293
"785","airbus",NA,60,53.8016728864875,NA,34.1475199611765,3.50581653441245,742.803805357543
"786","airbus",NA,68,70.7077125349137,NA,44.0636552725256,3.42821658952649,1004.16784233669
"787","airbus",NA,61,100.006889043227,97.7781935374232,18.8476379692247,3.10944992775446,1835.37999857251
"788","airbus",NA,48,61.5707046484744,NA,21.7857074475935,4.35119474419792,560.533923020293
"789","airbus",NA,57,88.6311541525726,NA,17.0872281042426,3.27461031589085,1117.68391163961
"790","airbus",NA,46,40.8017864774694,NA,24.4001276289404,3.96820932325057,620.090511957995
"791","airbus",NA,66,81.9759743553541,NA,18.2614034427031,3.89340846142328,1104.18159062248
"792","airbus",NA,74,79.4434881415115,NA,37.1971651798014,3.93700308372173,792.986417473168
"793","airbus",NA,61,83.667404332681,NA,15.0218587357694,5.52678421315733,1550.69957751997
"794","airbus",NA,54,83.0719127766805,NA,37.3175782767685,3.47346125817519,1338.61016512885
"795","airbus",NA,66,62.0061825686573,NA,36.5969174268259,3.7081461182134,742.191739332001
"796","airbus",NA,64,59.4138761202073,NA,43.9686963228216,2.66890568445567,626.232035282052
"797","airbus",NA,69,68.7290766529472,NA,28.5046823526668,3.66829082186006,669.511782125744
"798","airbus",NA,64,72.6469926644799,NA,28.9199466057109,4.09692777452618,941.340095519017
"799","airbus",NA,61,98.7977574947829,101.175774553911,25.4439202998953,4.91067751551305,2407.78871784518
"800","airbus",NA,68,99.5901800514596,97.6046173297272,42.895159856686,3.63632208836191,2027.05041541336
"801","airbus",NA,59,89.9401692516818,NA,25.7639794742538,4.01937177495671,1497.60508304435
"802","airbus",NA,58,68.9566840584339,NA,24.8986968108009,3.98743567374882,634.6749899374
"803","airbus",NA,54,67.4569355517203,NA,41.3341698561236,3.85819939263323,877.062273585109
"804","airbus",NA,60,91.8663333238797,NA,27.4035672809824,3.71528763488674,1542.89524260586
"805","airbus",NA,52,89.5770294756989,NA,35.4632281232649,3.8346514790468,1390.89957182018
"806","airbus",NA,56,86.5288408280718,NA,40.9490150697304,3.72702564725395,1437.63385659643
"807","airbus",NA,54,80.2477988304448,NA,48.4267319030416,3.28975788901751,1303.69003576622
"808","airbus",NA,73,63.0701705687675,NA,48.8687035094179,3.78463177877203,842.854238562714
"809","airbus",NA,46,104.077576579455,103.409210356083,19.7157721002014,4.10439311039394,2494.80464539573
"810","airbus",NA,59,52.0998148205092,NA,34.5529713749664,4.88663002457138,647.488151646789
"811","airbus",NA,51,62.4840503659856,NA,26.5380447095535,3.82289397286057,749.480289283144
"812","airbus",NA,52,72.0366250044924,NA,24.7403412428955,3.62798387773948,648.021568054693
"813","airbus",NA,51,83.6306929140909,NA,23.3022654878181,4.55663995908888,1460.41817964011
"814","airbus",NA,56,73.9740863843816,NA,32.455027763218,3.08058509463808,769.496657848117
"815","airbus",NA,55,68.7515297480465,NA,48.2771200416905,4.26263596287947,1079.11709928797
"816","airbus",NA,60,59.4589361906898,NA,30.7674352384023,4.19201975943433,538.380783298887
"817","airbus",NA,69,66.2058387804869,NA,22.7793966105131,2.99845995525248,499.188833841391
"818","airbus",NA,50,84.2199081383211,NA,32.5429467984746,3.31882862200774,1485.44004555189
"819","airbus",NA,62,77.7295682042789,NA,12.353622855458,4.40828577660562,821.019472716049
"820","airbus",NA,65,59.2044033867529,NA,29.5940104532044,2.88568455702191,555.761736790061
"821","airbus",NA,58,113.427396753595,114.844449035988,40.1011219670186,4.24842826367832,3738.6497411612
"822","airbus",NA,65,84.42397649969,NA,33.5372638079313,3.62766297049497,1204.66973778281
"823","airbus",NA,58,74.4530433236395,NA,21.2211405979571,3.48248705108388,568.924342714073
"824","airbus",NA,69,61.5349757977737,NA,54.2760427495164,4.25364092507084,880.397850418297
"825","airbus",NA,54,50.9031058681233,NA,35.7294840487019,4.54404030764341,597.985545136067
"826","airbus",NA,64,89.4840211064278,NA,23.5298691930118,4.85683144122652,1643.10169057077
"827","airbus",NA,59,105.719551168934,105.290753661238,25.4681385601356,4.73824264001284,2741.46182817821
"828","airbus",NA,57,88.4180984459346,NA,45.024391550448,3.7036944045744,1616.33605380665
"829","airbus",NA,54,86.4250457110654,NA,14.7485726836329,3.54183815518944,1476.17754298862
"830","airbus",NA,66,83.1342312310402,NA,26.3181287806701,3.43964505658314,1093.9088122657
"831","airbus",NA,70,100.98946690245,102.461637936582,19.7031207094079,4.36211503249692,2348.61758887048
